threshold,hybrid_token_f1,hybrid_fuzzy,extractive_count,generative_count,extractive_rate
-6.890625,0.5914556695039701,0.7449662038392584,160,0,1.0
-6.15234375,0.5917634346554852,0.7454302796939593,159,1,0.99375
-6.07421875,0.5913846467766973,0.7452691852813105,158,2,0.9875
-6.03515625,0.5972775039195544,0.7495009561146438,157,3,0.98125
-5.9609375,0.6021386150306656,0.7525819420301367,156,4,0.975
-5.61328125,0.6050260419312503,0.7555743662725609,155,5,0.96875
-5.5703125,0.6044578601130686,0.7548239285172038,154,6,0.9625
-5.53515625,0.600771962677171,0.7523239285172038,153,7,0.95625
-5.4140625,0.60044301530875,0.753229725618653,152,8,0.95
-5.20703125,0.60044301530875,0.753229725618653,151,9,0.94375
-5.14453125,0.6016930153087501,0.7544316486955761,150,10,0.9375
-4.74609375,0.6016930153087501,0.7541116495390664,149,11,0.93125
-4.12890625,0.6079430153087501,0.7582104867483688,148,12,0.925
-4.0625,0.61419301530875,0.762993350598134,147,13,0.91875
-4.05078125,0.6135881765990726,0.7626395770132284,146,14,0.9125
-3.849609375,0.6112855450201252,0.7619042828955813,145,15,0.90625
-3.755859375,0.605373382857963,0.7580249725507537,144,16,0.9
-3.638671875,0.6060701733985037,0.7598204581868686,143,17,0.89375
-3.58203125,0.6107473802496235,0.7638175512101244,142,18,0.8875
-3.296875,0.6106377311268165,0.7638175512101244,141,19,0.88125
-3.26953125,0.6161524370091696,0.7669793159160069,140,20,0.875
-3.255859375,0.6219024370091695,0.7701043159160068,139,21,0.86875
-2.94140625,0.6187774370091695,0.7696711475991751,138,22,0.8625
-2.8984375,0.6250274370091695,0.7734353521446297,137,23,0.85625
-2.873046875,0.6233827001670642,0.7734353521446297,136,24,0.85
-2.8359375,0.6214090159565379,0.7699829711922487,135,25,0.84375
-2.8203125,0.6181352064327283,0.76750281246209,134,26,0.8375
-2.712890625,0.6233076202258319,0.7714702921368868,133,27,0.83125
-2.6484375,0.629178832347044,0.7752202921368868,132,28,0.825
-2.61328125,0.6255803474985591,0.7752202921368868,131,29,0.81875
-2.509765625,0.6314515596197712,0.7789702921368867,130,30,0.8125
-2.486328125,0.6346658453340569,0.7826600511730313,129,31,0.80625
-2.3828125,0.6351420358102474,0.7827400015711516,128,32,0.8
-2.34375,0.6406567416926003,0.7864084798320212,127,33,0.79375
-2.298828125,0.6425506810865398,0.7879709798320211,126,34,0.7875
-2.205078125,0.6379673477532064,0.7858876464986879,125,35,0.78125
-2.021484375,0.6364048477532064,0.7855025754086405,124,36,0.775
-1.9912109375,0.6354673477532065,0.7855025754086405,123,37,0.76875
-1.9375,0.6359273044631631,0.7857661873718307,122,38,0.7625
-1.8251953125,0.6348856377964964,0.7857661873718307,121,39,0.75625
-1.7314453125,0.6345689148235235,0.7857661873718307,120,40,0.75
-1.6884765625,0.6374746165779095,0.789423594779238,119,41,0.74375
-1.63671875,0.6410237237207667,0.7924687866753717,118,42,0.7375
-1.6357421875,0.6465237237207666,0.7964942104041851,117,43,0.73125
-1.5712890625,0.6414455987207666,0.7939206809924204,116,44,0.725
-1.546875,0.6453371081547289,0.7962644309924205,115,45,0.71875
-1.53125,0.6470603319087055,0.7983034705818632,114,46,0.7125
-1.4833984375,0.6513406349390085,0.8019371915120959,113,47,0.70625
-1.44140625,0.6564001587485324,0.8056045468839967,112,48,0.7
-1.431640625,0.6620819769303505,0.8091272741567239,111,49,0.69375
-1.4150390625,0.665560483717681,0.8134311663722927,110,50,0.6875
-1.3818359375,0.665560483717681,0.8134311663722927,109,51,0.68125
-1.3759765625,0.6674377730949702,0.8151881259792797,108,52,0.675
-1.3232421875,0.6677667204633913,0.8151881259792797,107,53,0.66875
-1.1875,0.6654640888844439,0.8138799864443961,106,54,0.6625
-1.1220703125,0.6711585333288883,0.8178340680770491,105,55,0.65625
-1.1103515625,0.6745408862700648,0.820077775873243,104,56,0.65
-1.015625,0.6799712892004678,0.8237504562856142,103,57,0.64375
-0.93994140625,0.6845167437459223,0.8275750831512859,102,58,0.6375
-0.9375,0.6808983226932906,0.8260978104240131,101,59,0.63125
-0.92578125,0.6808983226932906,0.8260978104240131,100,60,0.625
-0.8955078125,0.6808983226932906,0.8260978104240131,99,61,0.61875
-0.88330078125,0.6761634742084421,0.8230656322061913,98,62,0.6125
-0.86083984375,0.6767069524693119,0.823150987102867,97,63,0.60625
-0.79443359375,0.6825893054104883,0.8270037268288943,96,64,0.6
-0.75390625,0.6825893054104883,0.8270037268288943,95,65,0.59375
-0.62353515625,0.6790566967148361,0.8249203934955609,94,66,0.5875
-0.58056640625,0.6785499399580793,0.8249203934955609,93,67,0.58125
-0.5634765625,0.6776570828152222,0.8249203934955609,92,68,0.575
-0.54541015625,0.6832126383707777,0.8286601475939218,91,69,0.56875
-0.489990234375,0.6794626383707778,0.8269360096628873,90,70,0.5625
-0.373291015625,0.6773793050374444,0.8269360096628873,89,71,0.55625
-0.2369384765625,0.6730824300374444,0.8244903574889741,88,72,0.55
-0.1875,0.6730226500278796,0.8244993220788441,87,73,0.54375
-0.174072265625,0.6767274011591013,0.8265231316026537,86,74,0.5375
-0.1715087890625,0.6771893576808404,0.8270786871582093,85,75,0.53125
-0.0787353515625,0.6748679291094118,0.8270786871582093,84,76,0.525
-0.06689453125,0.6811179291094118,0.8315550385095605,83,77,0.51875
0.05462646484375,0.6844174786589614,0.835317549883537,82,78,0.5125
0.1363525390625,0.688773539265022,0.8379037567800888,81,79,0.50625
0.1387939453125,0.6873312315727144,0.8379037567800888,80,80,0.5
0.162353515625,0.6864866369781197,0.8379037567800888,79,81,0.49375
0.215087890625,0.6906533036447865,0.84050011185508,78,82,0.4875
0.26220703125,0.6875283036447865,0.83975011185508,77,83,0.48125
0.392578125,0.6863149336814164,0.8392570863620545,76,84,0.475
0.43408203125,0.6863149336814164,0.8392570863620545,75,85,0.46875
0.472900390625,0.680468159487868,0.8355963720763402,74,86,0.4625
0.517578125,0.6815258517955604,0.8367218091392772,73,87,0.45625
0.5966796875,0.6784008517955604,0.8348532524382464,72,88,0.45
0.611328125,0.6784008517955604,0.8348532524382464,71,89,0.44375
0.6298828125,0.6809008517955604,0.8370862360271619,70,90,0.4375
0.658203125,0.6765739287186373,0.8349025010874029,69,91,0.43125
0.77587890625,0.6823239287186373,0.8387331462486933,68,92,0.425
0.783203125,0.687258139244953,0.840144436571274,67,93,0.41875
0.80810546875,0.6847581392449531,0.839394436571274,66,94,0.4125
0.8251953125,0.6803831392449531,0.836394436571274,65,95,0.40625
0.8623046875,0.6855617106735246,0.8391869897627634,64,96,0.4
0.88671875,0.6879024442642582,0.8419958393202854,63,97,0.39375
0.9306640625,0.6894607098469139,0.8435948534390783,62,98,0.3875
0.93994140625,0.6919228310590351,0.8444727798604829,61,99,0.38125
0.9404296875,0.6879876458738499,0.8422445189909176,60,100,0.375
1.064453125,0.6935432014294055,0.8460955290919276,59,101,0.36875
1.16796875,0.68798764587385,0.8426681097370888,58,102,0.3625
1.1875,0.68798764587385,0.8426681097370888,57,103,0.35625
1.201171875,0.6882327439130658,0.8433146614612269,56,104,0.35
1.2119140625,0.689390151320473,0.8452024463823257,55,105,0.34375
1.294921875,0.6837083331386549,0.8421501208009303,54,106,0.3375
1.298828125,0.6837083331386549,0.8421501208009303,53,107,0.33125
1.3173828125,0.6834768516571733,0.8421501208009303,52,108,0.325
1.3720703125,0.679800381068938,0.8414971357263035,51,109,0.31875
1.3955078125,0.6763729617140994,0.8401509818801495,50,110,0.3125
1.5205078125,0.6791955423592606,0.8444930871433074,49,111,0.30625
1.529296875,0.6770080423592606,0.8425578167977111,48,112,0.3
1.5634765625,0.6827031643104802,0.846360726850621,47,113,0.29375
1.6494140625,0.6808281643104801,0.846360726850621,46,114,0.2875
1.66796875,0.6847224998224627,0.8491058248898368,45,115,0.28125
1.669921875,0.6905414653397041,0.8530441810542204,44,116,0.275
1.716796875,0.6893509891492279,0.8528076945677338,43,117,0.26875
1.7900390625,0.6898061712220571,0.8530213460660689,42,118,0.2625
1.86328125,0.6902776151875744,0.853834153451379,41,119,0.25625
1.880859375,0.6847220596320188,0.8498568807241064,40,120,0.25
2.1015625,0.6847220596320188,0.8498568807241064,39,121,0.24375
2.251953125,0.6847220596320188,0.8498568807241064,38,122,0.2375
2.41015625,0.6853702077801669,0.8508028550776906,37,123,0.23125
2.46484375,0.6895368744468335,0.8550858500015484,36,124,0.225
2.5,0.6862474007626231,0.8550858500015484,35,125,0.21875
2.701171875,0.6846402579054802,0.8544480948995077,34,126,0.2125
2.8515625,0.686579913077894,0.855673585095586,33,127,0.20625
2.89453125,0.6879306456786265,0.8555604258198054,32,128,0.2
3.10546875,0.6879306456786265,0.8555604258198054,31,129,0.19375
3.18359375,0.6863318084693242,0.8555604258198054,30,130,0.1875
3.2265625,0.6806026418026576,0.8526494669156957,29,131,0.18125
3.248046875,0.68563736402488,0.8559467110101838,28,132,0.175
3.341796875,0.68524673902488,0.8558599054546285,27,133,0.16875
3.34375,0.6813616038897448,0.8533350710175422,26,134,0.1625
3.412109375,0.6808777329220028,0.8530809070547477,25,135,0.15625
3.474609375,0.6808777329220028,0.8530809070547477,24,136,0.15
3.57421875,0.6783439491382189,0.8530809070547477,23,137,0.14375
4.0234375,0.672843949138219,0.8497234690382186,22,138,0.1375
4.0390625,0.6780225205667904,0.8531225918452362,21,139,0.13125
4.09765625,0.6780225205667904,0.8531225918452362,20,140,0.125
4.234375,0.6832470216754378,0.856603604503464,19,141,0.11875
4.48828125,0.6832470216754378,0.856603604503464,18,142,0.1125
4.6171875,0.6832470216754378,0.856603604503464,17,143,0.10625
4.72265625,0.6832470216754378,0.856603604503464,16,144,0.1
4.83984375,0.6827261883421045,0.856603604503464,15,145,0.09375
5.28125,0.6827261883421045,0.856603604503464,14,146,0.0875
5.71484375,0.6810814514999992,0.8556934103287068,13,147,0.08125
5.78515625,0.684238017156565,0.8589672198525162,12,148,0.075
5.94921875,0.6895264786950264,0.8626210660063623,11,149,0.06875
6.22265625,0.6860542564728043,0.8607460660063625,10,150,0.0625
6.59765625,0.6912404266855703,0.864306192588641,9,151,0.05625
6.7109375,0.6912404266855703,0.864306192588641,8,152,0.05
6.8515625,0.6878750420701856,0.864306192588641,7,153,0.04375
6.87890625,0.6878750420701856,0.864306192588641,6,154,0.0375
7.39453125,0.6878750420701856,0.864306192588641,5,155,0.03125
8.1875,0.6878750420701856,0.864306192588641,4,156,0.025
8.578125,0.6878750420701856,0.864306192588641,3,157,0.01875
8.71875,0.6869821849273284,0.864306192588641,2,158,0.0125
10.5234375,0.6855115966920342,0.8641276211600696,1,159,0.00625
10.523437500000002,0.6855115966920342,0.8641276211600696,0,160,0.0
