id,domain,question,gold,prediction,truncated,Exact Match,Fuzzy Match,Token F1,ROUGE-1,ROUGE-2,ROUGE-L,BERT Precision,BERT Recall,BERT F1
801,agriculture,চুইঝাল সম্পর্কে গাছের গোড়া বিষয়ে কী বলা হয়েছে?,সার দেয়ার সময় গাছের গোড়ায় মাটি হালকা করে কুপিয়ে দিতে হয় এবং সেচ প্রদান করতে হবে।,গাছের গোড়া মাটি হালকা করে কুপ করে সার প্রয়োগ করতে হবে।,False,0.0,0.7857142857142857,0.5185185185185185,0.5185185185185185,0.24,0.4444444444444444,0.87346125,0.8470442,0.8600499
802,agriculture,পানিকচুর বন্যাপ্রবণ জায়গায় চারা লাগানোর সময় কী?,যে সব জায়গা বন্যার পানিতে তলিয়ে যাবার সম্ভাবনা আছে সেখানে কার্তিক মাসেই চারা লাগানো ভালো।,যে সব জায়গা বন্যার পানিতে তলিয়ে যাবার সম্ভাবনা আছে সেখানে কার্তিক মাসেই চারা লাগানো ভালো।,False,1.0,1.0,1.0,1.0,1.0,1.0,0.99999994,0.99999994,0.99999994
803,agriculture,সুপারি: বীজতলার মাটিতে বালুর পরিমাণ প্রসঙ্গে কী তথ্য আছে?,বীজতলার মাটিতে বালুর পরিমাণ কম থাকলে কিছু ভিটি বালু মিশিয়ে নিলে ভাল হয়।,বীজতলার মাটিতে বালুর পরিমাণ কম থাকলে কিছু ভিটি বালু মিশিয়ে নিলে ভাল হয়।,False,1.0,1.0,1.0,1.0,1.0,1.0,1.0,1.0,1.0
804,agriculture,মুখীকচু সম্পর্কে ডাবল সারি পদ্ধতির রোপণ দূরত্ব বিষয়ে কী বলা হয়েছে?,ডাবল সারি পদ্ধতিতে রোপণ দূরত্ব: ৭৫ সেমি × ৬০ সেমি।,তথ্য: ডাবল সারি পদ্ধতিতে রোপণ দূরত্ব: ৭৫ সেমি × ৬০ সেমি।,False,0.0,1.0,0.9473684210526316,0.9473684210526316,0.9411764705882353,0.9473684210526316,0.9614762,0.97766304,0.9695021
805,agriculture,কফির মাটি ও জমি নির্বাচন সম্পর্কে কী বলা হয়েছে?,বাণিজ্যিকভাবে কফি চাষ করে অধিক ফলনের জন্য কমপক্ষে ৩% জৈব পদার্থ সমৃদ্ধ উর্বর মাটি বেছে নিতে হবে।,বাণিজ্যিকভাবে কফি চাষ করার জন্য কমপক্ষে ৩% জৈব পদার্থ সমৃদ্ধ উর্বর মাটি প্রয়োজন।,False,0.0,0.9027777777777777,0.7333333333333334,0.7333333333333334,0.6428571428571429,0.7333333333333334,0.94211125,0.91149217,0.92654884
806,agriculture,মটরশুটির পটাশিয়াম সার ব্যবস্থাপনা চাষের অর্থনৈতিক ফলাফল সম্পর্কে কী বলা হয়েছে?,"তিন বৎসরের গবেষণায় প্রতীয়মান হয়েছে, রবি মৌসুমে হেক্টরপ্রতি ৩৭,৭৭৮ টাকা খরচ করে প্রায় ১,৫৯,৭২২ টাকার সবুজ শুঁটি এবং প্রায় ৫৮,২২২ টাকার বীজ উৎপাদন করা যায়।","রবি মৌসুমে হেক্টরপ্রতি ৩৭,৭৭৮ টাকা খরচ করে প্রায় ১,৫৯,৭২২ টাকার সবুজ শুঁটি এবং প্রায় ৫৮,২২২ টাকার বীজ উৎপাদন করা যায়।",False,0.0,1.0,0.9056603773584906,0.9056603773584906,0.9019607843137255,0.9056603773584906,0.9582939,0.8961387,0.9261747
807,agriculture,চিয়া কখন বপন করা উচিত?,নভেম্বর মাসের ২য় থেকে ৩য় সপ্তাহ বীজ বপনের উপযুক্ত সময়।,নভেম্বর মাসের ২য় থেকে ৩য় সপ্তাহ।,False,0.0,1.0,0.7499999999999999,0.7499999999999999,0.7142857142857143,0.7499999999999999,0.93117726,0.81590027,0.8697356
808,agriculture,কফির রং-সংক্রান্ত বৈশিষ্ট্য কী?,গাঢ় লাল রঙের রোগ মুক্ত ফল হাত দিয়ে বেছে বেছে সংগ্রহ করতে হবে।,বারি কফি-১ জাতের ফুল সবুজ রঙের হয়।,False,0.0,0.43956043956043955,0.09523809523809525,0.09523809523809525,0.0,0.09523809523809525,0.7210243,0.69509166,0.7078205
809,agriculture,মরিচের সাথে পাতা জাতীয় সবজি আন্তঃফসল সাধারণত কতদিনে জীবনচক্র সম্পন্ন করে?,মরিচ একটি দীর্ঘ মেয়াদী ফসল এবং সারি থেকে সারির দূরত্ব বেশি হওয়ায় স্বল্প জীবনকালীন পাতা জাতীয় সবজি (৩০-৩৫ দিন) অতি সহজেই আন্তঃফসল হিসাবে চাষ করা হয়।,মরিচ একটি দীর্ঘ মেয়াদী ফসল।,False,0.0,1.0,0.3125,0.3125,0.2666666666666667,0.3125,0.8999767,0.6929288,0.78299654
810,agriculture,বেগুনের সাথে পেঁয়াজ ও রসুন আন্তঃফসলের প্রযুক্তির উপযোগিতা সম্পর্কে কী বলা হয়েছে?,"প্রযুক্তিটি কুষ্টিয়া, ফরিদপুর, যশোর, পাবনা, জামালপুর, বগুড়া এবং রংপুর জেলায় প্রয়োগ করা যেতে পারে।","প্রযুক্তিটি কুষ্টিয়া, ফরিদপুর, যশোর, পাবনা, জামালপুর, বগুড়া এবং রংপুর জেলায় প্রয়োগ করা যেতে পারে।",False,1.0,1.0,1.0,1.0,1.0,1.0,0.9999999,1.0,0.99999994
811,agriculture,মরিচের আবহাওয়া সম্পর্কে কী বলা হয়েছে?,মোটামুটি ভাবে ঠান্ডা ও শুষ্ক আবহাওয়া মরিচ চাষের উপযোগী।,মরিচ ঠান্ডা ও শুষ্ক আবহাওয়া মরিচ চাষের জন্য সবচেয়ে উপযোগী।,False,0.0,0.863157894736842,0.7368421052631577,0.7368421052631577,0.5882352941176471,0.7368421052631577,0.91441154,0.8712346,0.892301
812,agriculture,মাঠের ইঁদুর ব্যবস্থাপনা বিষয়ে মারাত্মক আক্রমণে পাতা সম্পর্কে কী তথ্য আছে?,মারাত্মক আক্রমণে পাতা শুকিয়ে মারা যায়।,পাতা শুকিয়ে মারা যায়।,False,0.0,1.0,0.8,0.8,0.7499999999999999,0.8,0.9438704,0.8036448,0.8681315
813,agriculture,লটকনের চারা উৎপাদন ও পরিচর্যায় কী নির্দেশনা আছে?,চারা রোপণ করার ১৫-২০ দিন পূর্বে ৬০ সেমি × ৬০ সেমি × ৬০ সেমি আকারের গর্ত করতে হবে।,লটকনের চারা উৎপাদন ও পরিচর্যায় চারা গর্তের ঠিক মাঝখানে খাড়াভাবে লাগাতে হবে এবং চারার চারিদিকের মাটি হাত দিয়ে চেপে ভালভাবে বসিয়ে দিতে হবে।,False,0.0,0.4083769633507853,0.09999999999999999,0.09999999999999999,0.0,0.09999999999999999,0.7125927,0.6780857,0.69491106
814,agriculture,মরিচের সাথে পাতা জাতীয় সবজি আন্তঃফসলের জীবনকাল কত?,মরিচ একটি দীর্ঘ মেয়াদী ফসল এবং সারি থেকে সারির দূরত্ব বেশি হওয়ায় স্বল্প জীবনকালীন পাতা জাতীয় সবজি (৩০-৩৫ দিন) অতি সহজেই আন্তঃফসল হিসাবে চাষ করা হয়।,৩০-৩৫ দিন।,False,0.0,1.0,0.19999999999999998,0.19999999999999998,0.14285714285714288,0.19999999999999998,0.7597853,0.5244359,0.6205452
815,agriculture,আলুর শাঁসের রং ও চোখের বৈশিষ্ট্য কেমন?,"শাঁসের রং ক্রিম, চোখ অগভীর আলুতে সমভাবে বিন্যস্ত।",আলুর শাঁসের রং ক্রিম এবং চোখ অগভীর আছে।,False,0.0,0.7936507936507937,0.625,0.625,0.42857142857142855,0.625,0.9122631,0.8559828,0.8832273
816,agriculture,জোয়ার চাষে বপন বা রোপণের দূরত্ব কত?,বীজ বপনের দূরত্ব: সারি থেকে সারি ৬০ সেমি. এবং গাছ থেকে গাছের দূরত্ব ২০ সেমি.।,সারি থেকে সারি ৬০ সেমি. এবং গাছ থেকে গাছের দূরত্ব ২০ সেমি।,False,0.0,1.0,0.888888888888889,0.888888888888889,0.88,0.888888888888889,0.93874836,0.8890044,0.9131995
817,agriculture,মরিচের রং বা বর্ণ কেমন?,দ্বিস্তর বিশিষ্ট পলিথিন ব্যাগ ও টিনের পাত্রের মধ্যে পলিথিন দিয়ে তার ভিতর মরিচ রাখলে মরিচের রং গুণগত মান খুব ভাল থাকে।,মরিচের রং গুণগত মান খুব ভাল থাকে।,False,0.0,1.0,0.5,0.5,0.4615384615384615,0.5,0.909492,0.745236,0.8192116
818,agriculture,মরিচের বীজ শোধনের নির্দেশনা কী?,বপনের পূর্বে অটোস্টিন (২ গ্রাম/কেজি বীজ) দিয়ে বীজ শোধন করে নিতে হবে।,বপনের পূর্বে অটোস্টিন (২ গ্রাম/কেজি বীজ) দিয়ে বীজ শোধন করতে হবে।,False,0.0,0.9666666666666667,0.8799999999999999,0.8799999999999999,0.7826086956521738,0.8799999999999999,0.99265325,0.97905475,0.9858071
819,agriculture,কফি চাষের জন্য কী ধরনের মাটি বা জমি উপযোগী?,বাণিজ্যিকভাবে কফি চাষ করে অধিক ফলনের জন্য কমপক্ষে ৩% জৈব পদার্থ সমৃদ্ধ উর্বর মাটি বেছে নিতে হবে।,বাণিজ্যিকভাবে কফি চাষ করার জন্য কমপক্ষে ৩% জৈব পদার্থ সমৃদ্ধ উর্বর মাটি প্রয়োজন।,False,0.0,0.9027777777777777,0.7333333333333334,0.7333333333333334,0.6428571428571429,0.7333333333333334,0.94211125,0.91149217,0.92654884
820,agriculture,বারি সুপারি-১ জাতের একটি খোসাসহ শুকনা সুপারির ওজন কত?,খোসা সহ একক শুকনা সুপারির গড় ওজন ১৩.৫৪ গ্রাম।,খোসা সহ একক শুকনা সুপারির গড় ওজন ১৩.৫৪ গ্রাম।,False,1.0,1.0,1.0,1.0,1.0,1.0,0.99999994,0.99999994,0.99999994
821,agriculture,চিয়া চাষে কোন সার কত পরিমাণে দিতে হবে?,"সার ব্যবস্থাপনা: ইউরিয়া: ১৫০ কেজি/হেক্টর, মিউরেট অব পটাশ: ৬০ কেজি/হেক্টর, টিএসপি: ৮০ কেজি/হেক্টর।","ইউরিয়া: ১৫০ কেজি/হেক্টর, মিউরেট অব পটাশ: ৬০ কেজি/হেক্টর, টিএসপি: ৮০ কেজি/হেক্টর।",False,0.0,1.0,0.9333333333333333,0.9333333333333333,0.9285714285714286,0.9333333333333333,0.96652657,0.9215116,0.9434824
822,agriculture,বার্লি সারিতে বপন করলে প্রতি হেক্টরে কত বীজ লাগে?,সারিতে বপনকৃত জমিতে হেক্টরপ্রতি ৬০ কেজি বীজ বপন করতে হবে।,সারিতে বপন করলে হেক্টরপ্রতি ৬০ কেজি বীজ প্রয়োজন হয়।,False,0.0,0.7962962962962963,0.631578947368421,0.631578947368421,0.35294117647058826,0.5263157894736842,0.8862927,0.8977117,0.8919656
823,agriculture,বারি ঝাড়শীম-৪ বিষয়ে গাছপ্রতি পডের সংখ্যা ও ওজন সম্পর্কে কী তথ্য আছে?,প্রতি গাছে পডের সংখ্যা প্রায় ১৮ টি ও গড় ওজন ২২৮.২৬ গ্রাম।,প্রতি গাছে পডের সংখ্যা প্রায় ১৮ টি এবং গড় ওজন ২২৮.২৬ গ্রাম।,False,0.0,0.9824561403508772,0.9230769230769231,0.9230769230769231,0.8333333333333334,0.9230769230769231,0.9951979,0.9951979,0.9951979
824,agriculture,কাসাভার ফসল সংগ্রহের নির্দেশনা কী?,কাণ্ড থেকে কাটিং সংগ্রহ করার পর কাটিংগুলিকে একত্রিত করে পলিথিন ব্যাগে মুড়িয়ে ছায়াযুক্ত স্থানে ৩ থেকে ৫ দিন রেখে দিলে স্প্রাউটিং তাড়াতাড়ি হয়।,চারা রোপণের ৭ মাস পর থেকে কাসাভা গাছ থেকে কন্দ সংগ্রহ করা যায়।,False,0.0,0.4263959390862944,0.2222222222222222,0.2222222222222222,0.0,0.1111111111111111,0.7504665,0.696287,0.7223623
825,agriculture,মাঠের ইঁদুর ব্যবস্থাপনা বিষয়ে গোবরের বল শুকানোর সময় সম্পর্কে কী তথ্য আছে?,গোবরের বল গুলোকে ২ দিন পর্যন্ত শুকিয়ে ইঁদুর তাড়ানোর কাজে ব্যবহার করা হয়।,গোবরের বল গুলোকে ২ দিন পর্যন্ত শুকিয়ে ইঁদুর তাড়ানোর কাজে ব্যবহার করা হয়।,False,1.0,1.0,1.0,1.0,1.0,1.0,1.0000001,1.0000001,1.0000001
826,agriculture,চর এলাকায় বিনা চাষে পেঁয়াজ সম্পর্কে চারা প্রতিষ্ঠিত হওয়া পর্যন্ত আর্দ্রতা বিষয়ে কী বলা হয়েছে?,পেঁয়াজের চারা মাটিতে প্রতিষ্ঠিত না হওয়া পর্যন্ত জমিতে পর্যাপ্ত আর্দ্রতা নিশ্চিত করতে হবে।,চারা মাটিতে প্রতিষ্ঠিত না হওয়া পর্যন্ত জমিতে পর্যাপ্ত আর্দ্রতা নিশ্চিত করতে হবে।,False,0.0,1.0,0.9600000000000001,0.9600000000000001,0.9565217391304348,0.9600000000000001,0.9790431,0.9293542,0.95355177
827,agriculture,কাঁঠালের সার ব্যবস্থাপনায় কী নির্দেশনা আছে?,চারা রোপণের পর গাছের সুষ্ঠু বৃদ্ধির জন্য গাছের বয়স ও চাহিদা মাফিক নিয়মিত সার প্রয়োগ করা আবশ্যক।,গাছের সুষ্ঠু বৃদ্ধির জন্য গাছের বয়স ও চাহিদা মাফিক নিয়মিত সার প্রয়োগ করা আবশ্যক।,False,0.0,1.0,0.9032258064516129,0.9032258064516129,0.896551724137931,0.9032258064516129,0.9842805,0.95340675,0.96859765
828,agriculture,পানিকচু বিষয়ে চারা রোপণের গভীরতা সম্পর্কে কী তথ্য আছে?,চারা রোপণের জন্য মাটির গভীরতা হবে ৫-৬ সে.মি.।,চারা রোপণের জন্য মাটির গভীরতা হবে ৫-৬ সে.মি.।,False,1.0,1.0,1.0,1.0,1.0,1.0,1.0,1.0,1.0
829,agriculture,মেটে আলুর সার ব্যবস্থাপনায় কী নির্দেশনা আছে?,মেটে আলুতে জৈব সারের ব্যাপক প্রভাব রয়েছে।,"হেক্টরপ্রতি ২০ টন গোবর বা খামারজাত সার ও ২ টন ছাই, ২৬০ কেজি ইউরিয়া, ৩০০ কেজি টিএসপি এবং ১৬০ কেজি এমপি সার প্রয়োগ করতে হবে।",False,0.0,0.3034482758620689,0.0,0.0,0.0,0.0,0.62175584,0.6944464,0.6560939
830,agriculture,ভুট্টা-রোপা আউশ-রোপা আমন ফসলধারার ক্ষতিকর পোকা বা প্রাণী দমনে কী তথ্য আছে?,রোগ বালাই দমন: ভুট্টা: প্রাথমিক পর্যায়ে ভিরতাকো প্রয়োগ করতে হবে স্টেমবোরার পোকা দমনের জন্য।,রোপা আউশ: স্টেমবোরার পোকা দমনের জন্য ভিরতাকো এবং শীথ ব্লাইট দমনের জন্য ফুলিকুর ০.৫ মিলি/ লিটার হারে প্রয়োগ করতে হবে।,False,0.0,0.7234042553191489,0.4571428571428571,0.4571428571428571,0.30303030303030304,0.22857142857142854,0.78398395,0.82270026,0.8028756
831,agriculture,বারি লটকন-২-এর ফলের বৈশিষ্ট্য কী?,গোলাকৃতি ফলের গড় ওজন ২১.৫৭ গ্রাম।,"ফলের বৈশিষ্ট্য: ফল গোলাকৃতির, ফলের গড় ওজন ২১.৫৭ গ্রাম, ফল দেখতে উজ্জ্বল হলুদ বর্ণের, ফলের অভ্যন্তরে ৩-৪ টি খণ্ড আছে এবং খাদ্যোপযোগী অংশ প্রায় ৫৭.০৭%।",False,0.0,0.8421052631578948,0.34285714285714286,0.34285714285714286,0.303030303030303,0.34285714285714286,0.6755947,0.84868395,0.7523117
832,agriculture,সুপারি কখন রোপণ করা উচিত?,সাধারণতঃ মে থেকে সেপ্টেম্বর মাস পর্যন্ত চারা রোপণ করা যায়।,সাধারণতঃ মে থেকে সেপ্টেম্বর মাস পর্যন্ত চারা রোপণ করা যায়।,False,1.0,1.0,1.0,1.0,1.0,1.0,1.0000001,1.0000001,1.0000001
833,agriculture,সয়াবিন-রোপা আউশ-রোপা আমন ফসল বিন্যাসের পোকামাকড় বা ক্ষতিকর প্রাণী ব্যবস্থাপনায় কী বলা হয়েছে?,বিছাপোকার আক্রমণ দেখা দিলে নাইট্রো ৫০৫ ইসি প্রতি লিটার পানিতে ২ মিলি হিসেবে মিশিয়ে স্প্রে মেশিনের মাধ্যমে ছিটিয়ে দিতে হবে।,বিছাপোকার আক্রমণ দেখা দিলে নাইট্রো ৫০৫ ইসি প্রতি লিটার পানিতে ২ মিলি হিসেবে মিশিয়ে স্প্রে মেশিনের মাধ্যমে ছিটিয়ে দিতে হবে।,False,1.0,1.0,1.0,1.0,1.0,1.0,1.0,1.0,1.0
834,agriculture,সুপারি সম্পর্কে বীজতলা উত্তর দক্ষিণে লম্বা প্রসঙ্গে উৎসে কী বলা হয়েছে?,বীজতলা উত্তর দক্ষিণে লম্বা হলে ভালো হয়।,বীজতলা উত্তর দক্ষিণে লম্বা হলে ভালো হয়।,False,1.0,1.0,1.0,1.0,1.0,1.0,1.0000001,1.0000001,1.0000001
835,agriculture,ছাদ বাগানের স্মার্ট সেচ সম্পর্কে ইন্টারনেট সংযোগের প্রয়োজন বিষয়ে কী বলা হয়েছে?,ওয়াই ফাই নিয়ন্ত্রিত সুইচ ব্যবহার করলে অবশ্যই সেচ পদ্ধতিটি এবং স্মার্ট মোবাইল ফোনে ইন্টারনেট সংযোগ থাকতে হবে।,ওয়াই ফাই নিয়ন্ত্রিত সুইচ ব্যবহার করলে অবশ্যই সেচ পদ্ধতিটি এবং স্মার্ট মোবাইল ফোনে ইন্টারনেট সংযোগ থাকতে হবে।,False,1.0,1.0,1.0,1.0,1.0,1.0,1.0000001,1.0000001,1.0000001
836,agriculture,চীনাবাদাম চাষে কী পরিমাণ ফলন পাওয়া যায়?,হেক্টরপ্রতি ফলন ২০০০-২৮০০ কেজি।,হেক্টরপ্রতি ফলন ২০০০-২৮০০ কেজি।,False,1.0,1.0,1.0,1.0,1.0,1.0,1.0,1.0,1.0
837,agriculture,বারি চুইঝাল-১-এর কাণ্ডের বৈশিষ্ট্য কী?,তিন বছর বয়সী গাছের কাণ্ডের ব্যাস ৬-৮ সে.মি.।,তিন বছর বয়সী গাছের কাণ্ডের ব্যাস ৬-৮ সে.মি.।,False,1.0,1.0,1.0,1.0,1.0,1.0,0.99999994,0.99999994,0.99999994
838,agriculture,বারি সুপারি-১-এর খোসাসহ একক শুকনা সুপারির গড় ওজন কত?,খোসা সহ একক শুকনা সুপারির গড় ওজন ১৩.৫৪ গ্রাম।,খোসা সহ একক শুকনা সুপারির গড় ওজন ১৩.৫৪ গ্রাম।,False,1.0,1.0,1.0,1.0,1.0,1.0,0.99999994,0.99999994,0.99999994
839,agriculture,চীনাবাদামের বীজ শোধনের নির্দেশনা কী?,প্রতি কেজি বীজে ২.৫-৩.০ গ্রাম হিসেবে প্রোভেক্স (ছত্রাক নাশক) মিশিয়ে বীজ শোধন করে নেওয়া ভাল।,প্রতি কেজি বীজে ২.৫-৩.০ গ্রাম হিসেবে প্রোভেক্স (ছত্রাক নাশক) মিশিয়ে বীজ শোধন করে নেওয়া ভাল।,False,1.0,1.0,1.0,1.0,1.0,1.0,1.0,1.0,1.0
840,agriculture,মরিচ চাষে বীজ কীভাবে শোধন করতে হবে?,বপনের পূর্বে অটোস্টিন (২ গ্রাম/কেজি বীজ) দিয়ে বীজ শোধন করে নিতে হবে।,বীজ শোধন করার জন্য বপনের পূর্বে অটোস্টিন (২ গ্রাম/কেজি বীজ) দিয়ে বীজ শোধন করতে হবে।,False,0.0,0.9217391304347826,0.7586206896551724,0.7586206896551724,0.6666666666666665,0.7586206896551724,0.94250715,0.94902563,0.9457551
841,agriculture,বারি মুখীকচু-৩-এর গাছপ্রতি মুখীর সংখ্যা এবং ওজন কত?,গাছ প্রতি মুখীর সংখ্যা ২৫-৩০ টি এবং গড় ওজন প্রায় ৮০০ গ্রাম।,গাছ প্রতি মুখীর সংখ্যা ২৫-৩০ টি এবং গড় ওজন প্রায় ৮০০ গ্রাম।,False,1.0,1.0,1.0,1.0,1.0,1.0,1.0000001,1.0000001,1.0000001
842,agriculture,বারি ডাঁটা-৪ বপন বা রোপণের কতদিন পর ফুল আসে?,বারি ডাঁটা-৪ সারা বছর চাষোপযোগী জাত এবং বীজ বপনের ১০০-১০৫ দিন পর ফুল আসে এবং ১২০ দিন পর কাণ্ডে হালকা আঁশ গঠিত হয়।,ফুল বপনের ১০০-১০৫ দিন পর আসে।,False,0.0,1.0,0.43750000000000006,0.43750000000000006,0.26666666666666666,0.375,0.881741,0.71439844,0.78929746
843,agriculture,জোয়ার সেচ সম্পর্কে কী বলা হয়েছে?,সেচের ব্যবস্থা না থাকলে সমস্ত সার শেষ চাষের সময় প্রয়োগ করা উত্তম।,সেচের ব্যবস্থা না থাকলে সার শেষ চাষের সময় প্রয়োগ করা উত্তম।,False,0.0,1.0,0.9565217391304348,0.9565217391304348,0.8571428571428572,0.9565217391304348,0.9918237,0.9688107,0.9801821
844,agriculture,বারি বার্লি-১০ এক হাজার দানার ওজন কত?,হাজার দানার ওজন ৩৬-৪০ গ্রাম।,হাজার দানার ওজন ৩৬-৪০ গ্রাম।,False,1.0,1.0,1.0,1.0,1.0,1.0,0.9999999,0.9999999,0.9999999
845,agriculture,পানিকচুর উপযুক্ত মাটির ধরন কী?,পলি দো-আঁশ ও এঁটেল দো-আঁশ মাটি পানিকচু চাষের উপযোগী।,পলি দো-আঁশ ও এঁটেল দো-আঁশ মাটি পানিকচু চাষের জন্য উপযোগী।,False,0.0,1.0,0.9565217391304348,0.9565217391304348,0.8571428571428572,0.9565217391304348,0.98003286,0.9860946,0.9830544
846,agriculture,বারি মরিচ-৬-এর ফলের বৈশিষ্ট্য কী?,"বারি মরিচ-৬ কাঁচা অবস্থায় গাঢ় কালচে, ফলের গায়ের পার্শ্বে আংশিক বা সামগ্রিক (মৌসুম ভেদে) কালচে রং থাকে এবং পরিপক্ক অবস্থায় উজ্জ্বল, গাঢ় লাল রং বিশিষ্ট।",ফল মাঝারি লম্বা এবং প্রতিটি মরিচের দৈর্ঘ্য ৪-৫ সেমি।,False,0.0,0.348314606741573,0.05555555555555555,0.05555555555555555,0.0,0.05555555555555555,0.6812745,0.6469949,0.66369236
847,agriculture,বারি সুপারি-২-এর খোসাসহ একক শুকনা সুপারির গড় ওজন কত?,খোসা সহ একক শুকনা সুপারির গড় ওজন ১৪.০৭ গ্রাম।,খোসা সহ একক শুকনা সুপারির গড় ওজন ১৪.০৭ গ্রাম।,False,1.0,1.0,1.0,1.0,1.0,1.0,1.0,1.0,1.0
848,agriculture,পালংশাকের কম্পোস্ট ব্যবস্থাপনার মৌসুম-সংক্রান্ত তথ্য কী?,রবি মৌসুমে প্রতিটি গাছের গোড়ায় সঠিক পরিমাণে পানি পৌঁছানো খুবই গুরুত্বপূর্ণ বিষয় যা আমাদের ব্যস্তময় জীবনে সম্ভব হয় না।,রবি মৌসুমে পালংশাকের জন্য প্রযুক্তি কাজ করে।,False,0.0,0.37735849056603776,0.15384615384615385,0.15384615384615385,0.08333333333333333,0.15384615384615385,0.7840758,0.67541295,0.72569925
849,agriculture,গম-পাট-রোপা আমন ফসল বিন্যাস সম্পর্কে রোপা আমন জমি আগাছামুক্ত রাখার সময় বিষয়ে কী বলা হয়েছে?,রোপা আমন: আমন ধানের জমি ৩০ থেকে ৪০ দিন পর্যন্ত আগাছামুক্ত রাখতে হবে।,রোপা আমন: আমন ধানের জমি ৩০ থেকে ৪০ দিন পর্যন্ত আগাছামুক্ত রাখতে হবে।,False,1.0,1.0,1.0,1.0,1.0,1.0,0.99999994,0.99999994,0.99999994
850,agriculture,গম-পাট-রোপা আমন ফসল বিন্যাসের সেচ ব্যবস্থাপনায় কী নির্দেশনা আছে?,বপনের ১৭-২১ দিন পরে প্রথম সেচ ও দ্বিতীয় সেচ শীষ বের হওয়ার সময় ৫০-৫৫ দিন পর দিতে হবে।,বপনের ১৭-২১ দিন পরে প্রথম সেচ ও দ্বিতীয় সেচ শীষ বের হওয়ার সময় ৫০-৫৫ দিন পর দিতে হবে।,False,1.0,1.0,1.0,1.0,1.0,1.0,1.0,1.0,1.0
851,agriculture,বারি সোলার টানেল ড্রায়ার মাপ বা মাত্রা কত?,"লম্বা ৩২০০ মিমি, চওড়া ১২০০মিমি, উচ্চতা ৭২০ মিমি।","লম্বা ৩২০০ মিমি, চওড়া ১২০০ মিমি এবং উচ্চতা ৭২০ মিমি।",False,0.0,0.9024390243902439,0.7777777777777777,0.7777777777777777,0.6250000000000001,0.7777777777777777,0.97672564,0.97366124,0.97519106
852,agriculture,চীনাবাদামের উপযুক্ত মাটির ধরন কী?,ক্যালসিয়াম ও জৈব পদার্থ সমৃদ্ধ বেলে দো-আঁশ মাটি চীনাবাদাম উৎপাদনের জন্য উপযুক্ত।,ক্যালসিয়াম ও জৈব পদার্থ সমৃদ্ধ বেলে দো-আঁশ মাটি চীনাবাদাম উৎপাদনের জন্য উপযুক্ত।,False,1.0,1.0,1.0,1.0,1.0,1.0,1.0000001,1.0000001,1.0000001
853,agriculture,বারি কাঁঠাল-৫-এর রং বা বর্ণ কেমন?,ফল সাধারণত সবুজাভ হলুদ রঙের হয়।,ফল সাধারণত সবুজাভ হলুদ রঙের হয়।,False,1.0,1.0,1.0,1.0,1.0,1.0,1.0,1.0,1.0
854,agriculture,চীনাবাদাম চাষে বীজ কীভাবে শোধন করতে হবে?,প্রতি কেজি বীজে ২.৫-৩.০ গ্রাম হিসেবে প্রোভেক্স (ছত্রাক নাশক) মিশিয়ে বীজ শোধন করে নেওয়া ভাল।,প্রতি কেজি বীজে ২.৫-৩.০ গ্রাম হিসেবে প্রোভেক্স (ছত্রাক নাশক) মিশিয়ে বীজ শোধন করে নেওয়া ভাল।,False,1.0,1.0,1.0,1.0,1.0,1.0,1.0,0.9999999,0.99999994
855,agriculture,কাসাভা কখন বা কীভাবে সংগ্রহ করতে হবে?,কাণ্ড থেকে কাটিং সংগ্রহ করার পর কাটিংগুলিকে একত্রিত করে পলিথিন ব্যাগে মুড়িয়ে ছায়াযুক্ত স্থানে ৩ থেকে ৫ দিন রেখে দিলে স্প্রাউটিং তাড়াতাড়ি হয়।,৭ মাস পর থেকে কাসাভা গাছ থেকে কন্দ সংগ্রহ করা যায়।,False,0.0,0.4745762711864407,0.2352941176470588,0.2352941176470588,0.0,0.1176470588235294,0.7741807,0.6997117,0.73506486
856,agriculture,মেটে আলু চাষে কী পরিমাণ ফলন পাওয়া যায়?,জাতটির কন্দের গড় ফলন ১১৭.৮ টন/হেক্টর।,জাতটির কন্দের গড় ফলন ১১৭.৮ টন/হেক্টর।,False,1.0,1.0,1.0,1.0,1.0,1.0,0.99999994,0.99999994,0.99999994
857,agriculture,কাঁঠালের জলাবদ্ধতা ও পানি নিষ্কাশন সম্পর্কে কী নির্দেশনা আছে?,কাঁঠাল গাছ জলাবদ্ধতা সহ্য করতে পারে না।,জলাবদ্ধতা কাঁঠালের সাথে পানি নিষ্কাশনের সুব্যবস্থা রাখতে হবে।,False,0.0,0.5714285714285715,0.13333333333333333,0.13333333333333333,0.0,0.13333333333333333,0.7498562,0.80382925,0.77590525
858,agriculture,পানিকচু সম্পর্কে চারা রোপণের গভীরতা বিষয়ে কী বলা হয়েছে?,চারা রোপণের জন্য মাটির গভীরতা হবে ৫-৬ সে.মি.।,মাটির গভীরতা হবে ৫-৬ সে.মি.।,False,0.0,1.0,0.8235294117647058,0.8235294117647058,0.8,0.8235294117647058,0.96536624,0.87756455,0.91937387
859,agriculture,মাঠের ইঁদুর ব্যবস্থাপনা সম্পর্কে গোবরের বল শুকানোর সময় বিষয়ে কী বলা হয়েছে?,গোবরের বল গুলোকে ২ দিন পর্যন্ত শুকিয়ে ইঁদুর তাড়ানোর কাজে ব্যবহার করা হয়।,২ দিন পর্যন্ত শুকাতে হবে।,False,0.0,0.7027027027027027,0.33333333333333337,0.33333333333333337,0.25,0.33333333333333337,0.86020494,0.71545386,0.7811805
860,agriculture,অড়হর সারিতে বপন করলে প্রতি হেক্টরে কত বীজ লাগে?,সারিতে বপন করলে প্রতি হেক্টরে ১ কেজি বীজের প্রয়োজন হবে।,সারিতে বপন করলে প্রতি হেক্টরে ১ কেজি বীজের প্রয়োজন হবে।,False,1.0,1.0,1.0,1.0,1.0,1.0,1.0,1.0,1.0
861,agriculture,মেটে আলুর সার প্রয়োগ সম্পর্কে কী বলা হয়েছে?,মেটে আলুতে জৈব সারের ব্যাপক প্রভাব রয়েছে।,"হেক্টরপ্রতি ২০ টন গোবর বা খামারজাত সার ও ২ টন ছাই, ২৬০ কেজি ইউরিয়া, ৩০০ কেজি টিএসপি এবং ১৬০ কেজি এমপি সার প্রয়োগ করতে হবে।",False,0.0,0.3034482758620689,0.0,0.0,0.0,0.0,0.62175584,0.6944464,0.6560939
862,agriculture,বারি বার্লি-১০-এর হাজার দানার ওজন কত?,হাজার দানার ওজন ৩৬-৪০ গ্রাম।,হাজার দানার ওজন ৩৬-৪০ গ্রাম।,False,1.0,1.0,1.0,1.0,1.0,1.0,0.9999999,0.9999999,0.9999999
863,agriculture,বারি ঝাড়শীম-৪ সম্পর্কে গাছপ্রতি পডের সংখ্যা ও ওজন বিষয়ে কী বলা হয়েছে?,প্রতি গাছে পডের সংখ্যা প্রায় ১৮ টি ও গড় ওজন ২২৮.২৬ গ্রাম।,"শিরোনাম: বারি ঝাড়শীম-৪: ফলের বৈশিষ্ট্য
তথ্য: প্রতি গাছে পডের সংখ্যা প্রায় ১৮ টি এবং গড় ওজন ২২৮.২৬ গ্রাম।",False,0.0,0.9824561403508772,0.7272727272727274,0.7272727272727274,0.6451612903225806,0.7272727272727274,0.76928335,0.9466725,0.848809
864,agriculture,অড়হর সার ব্যবস্থাপনায় কী নির্দেশনা আছে?,সার ব্যবস্থাপনা: অড়হর ফসলে তেমন একটা সারের প্রয়োজন হয় না।,অড়হর ফসলে তেমন একটা সারের প্রয়োজন হয় না।,False,0.0,1.0,0.888888888888889,0.888888888888889,0.8750000000000001,0.888888888888889,0.95379084,0.89075136,0.92119384
865,agriculture,বারি চীনাবাদাম-১২-এর ১০০টি খোসাছাড়া বাদামের ওজন কত?,১০০ বাদামের (খোসা ছাড়া) ওজন ৫৫-৬০ গ্রাম।,১০০ বাদামের (খোসা ছাড়া) ওজন ৫৫-৬০ গ্রাম।,False,1.0,1.0,1.0,1.0,1.0,1.0,1.0,1.0,1.0
866,agriculture,মরিচের সেচ ব্যবস্থাপনায় কী নির্দেশনা আছে?,চারা রোপণের পরপর জমিতে পানি সেচ দেওয়ার ব্যবস্থা করতে হবে।,জমির আর্দ্রতার উপর নির্ভর করে ৩/৪টি সেচ দিতে হবে।,False,0.0,0.45714285714285713,0.20000000000000004,0.20000000000000004,0.0,0.20000000000000004,0.7234531,0.75769365,0.7401776
867,agriculture,বারি কফি-১-এর ফলন কত?,কফির জাত বারি কফি-১ উচ্চ ফলনশীল (গাছ প্রতি গড় ফলন ৭.৯৪ কেজি) ও নিয়মিত ফলদানকারী।,ফলন: উচ্চ ফলনশীল (গাছ প্রতি গড় ফলন ৭.৯৪ কেজি) ও নিয়মিত ফলদানকারী।,False,0.0,1.0,0.8000000000000002,0.8000000000000002,0.7857142857142857,0.8000000000000002,0.93815655,0.87501407,0.90548587
868,agriculture,বারি চিনা-২ কীভাবে বপন করতে হবে?,সারিতে বুনলে দু'সারির মাঝে দূরত্ব রাখতে হবে ২০-৩০ সে.মি.।,সারিতে বুনলে দু'সারির মাঝে দূরত্ব ২০-৩০ সে.মি. রাখে এবং বীজের হার ১৮ কেজি/হে. হলে অধিক ফলন পাওয়া যায়।,False,0.0,0.9,0.5882352941176471,0.5882352941176471,0.5,0.5882352941176471,0.82111514,0.9087082,0.86269397
869,agriculture,আলুর টিউবার মথ ব্যবস্থাপনার সংরক্ষণ সম্পর্কে কী নির্দেশনা আছে?,উল্লেখযোগ্য বৈশিষ্ট্য: পোকামাকড় ও রোগমুক্ত টিউবার সংগ্রহ করে ঘরে উত্তম বাতাস চলাচল করে এমন স্থানে আলু সংরক্ষণ করতে হবে।,উল্লেখযোগ্য বৈশিষ্ট্য: পোকামাকড় ও রোগমুক্ত টিউবার সংগ্রহ করে ঘরে উত্তম বাতাস চলাচল করে এমন স্থানে আলু সংরক্ষণ করতে হবে।,False,1.0,1.0,1.0,1.0,1.0,1.0,1.0,1.0,1.0
870,agriculture,চর এলাকায় বিনা চাষে পেঁয়াজের আগাছা দমন সম্পর্কে কী নির্দেশনা আছে?,এ পদ্ধতিতে ভেজা বা আর্দ্র মাটিতে লোহার তৈরি নিড়ানী দিয়ে আচড়া দেওয়া হয়।,চর এলাকায় পেঁয়াজ বীজ বপনের ২০-২৫ দিনের মধ্যে আগাছা দমনের ব্যবস্থা নিতে হবে।,False,0.0,0.38666666666666666,0.0,0.0,0.0,0.0,0.68413526,0.7127479,0.6981485
871,agriculture,পালংশাকের কম্পোস্ট ব্যবস্থাপনা কোন মৌসুমে চাষ করা হয় বা উপযোগী?,রবি মৌসুমে প্রতিটি গাছের গোড়ায় সঠিক পরিমাণে পানি পৌঁছানো খুবই গুরুত্বপূর্ণ বিষয় যা আমাদের ব্যস্তময় জীবনে সম্ভব হয় না।,রবি মৌসুমে পালংশাকের কম্পোস্ট ব্যবস্থাপনা চাষ করা যায়।,False,0.0,0.4,0.14814814814814814,0.14814814814814814,0.08,0.14814814814814814,0.7348839,0.6783258,0.70547307
872,agriculture,বারি লটকন-২-এর ফল সম্পর্কে কী তথ্য আছে?,গোলাকৃতি ফলের গড় ওজন ২১.৫৭ গ্রাম।,ফলের গড় ওজন ২১.৫৭ গ্রাম এবং ফলের টিএসএস ২০.৪৭%।,False,0.0,0.8421052631578948,0.6666666666666665,0.6666666666666665,0.625,0.6666666666666665,0.8304766,0.8612436,0.8455803
873,agriculture,বারি কাসাভা-২-এর কন্দ বা রাইজোমের বৈশিষ্ট্য কী?,টিউবার হালকা বাদামী এবং এর মাংসল ক্রিম বর্ণের হয়।,টিউবার হালকা বাদামী এবং এর মাংসল ক্রিম বর্ণের হয়।,False,1.0,1.0,1.0,1.0,1.0,1.0,1.0000001,1.0000001,1.0000001
874,agriculture,চীনাবাদাম চাষের জন্য কী ধরনের মাটি উপযোগী?,ক্যালসিয়াম ও জৈব পদার্থ সমৃদ্ধ বেলে দো-আঁশ মাটি চীনাবাদাম উৎপাদনের জন্য উপযুক্ত।,বেলে দো-আঁশ মাটিতে চীনাবাদাম চাষের জন্য সবচেয়ে উপযোগী।,False,0.0,0.65,0.4545454545454546,0.4545454545454546,0.2,0.4545454545454546,0.84874547,0.7649659,0.8046809
875,agriculture,জোয়ার সেচ ব্যবস্থাপনায় কী নির্দেশনা আছে?,সেচের ব্যবস্থা না থাকলে সমস্ত সার শেষ চাষের সময় প্রয়োগ করা উত্তম।,সেচের ব্যবস্থা না থাকলে সমস্ত সার শেষ চাষের সময় প্রয়োগ করা উত্তম।,False,1.0,1.0,1.0,1.0,1.0,1.0,0.9999999,0.9999999,0.9999999
876,agriculture,মরিচের সাথে পাতা জাতীয় সবজি আন্তঃফসলের আগাছা দমন সম্পর্কে কী নির্দেশনা আছে?,আগাছা দমন জমিতে আগাছার পরিমাণের উপর নির্ভর করে নিড়ানী দিতে হবে।,আগাছা দমন জমিতে আগাছার পরিমাণের উপর নির্ভর করে নিড়ানী দিতে হবে।,False,1.0,1.0,1.0,1.0,1.0,1.0,1.0000001,1.0000001,1.0000001
877,agriculture,বারি আলু-১০২-এর গাছের উচ্চতা কত?,গাছ মধ্যম উচ্চতা সম্পন্ন ইন্টারমিডিয়েট টাইপ এবং গড়ে ৪-৫টি কাণ্ড থাকে।,গাছ মধ্যম উচ্চতা সম্পন্ন ইন্টারমিডিয়েট টাইপ এবং গড়ে ৪-৫টি কাণ্ড থাকে।,False,1.0,1.0,1.0,1.0,1.0,1.0,1.0,1.0,1.0
878,agriculture,বারি ডাঁটা-৪-এর বীজ সংগ্রহের সময় কত?,বীজ উৎপাদনের জন্য বপনের ১৩০-১৫০ দিন পর বীজ সংগ্রহপযোগী হয়।,বীজ উৎপাদনের জন্য বপনের ১৩০-১৫০ দিন পর বীজ সংগ্রহপযোগী হয়।,False,1.0,1.0,1.0,1.0,1.0,1.0,1.0,1.0,1.0
879,agriculture,লটকনের সার প্রয়োগের অবস্থান বা দূরত্ব কী?,চারার বৃদ্ধি পর্যায়ে সার এবং গোবর গাছের গোড়া থেকে ১.০-১.৫ মিটার দূরে প্রয়োগ করতে হবে এবং মাটির সাথে মিশিয়ে দিতে হবে।,গোড়া থেকে ১.০-১.৫ মিটার দূরে প্রয়োগ করতে হবে এবং মাটির সাথে মিশিয়ে দিতে হবে।,False,0.0,1.0,0.8292682926829268,0.8292682926829268,0.8205128205128205,0.8292682926829268,0.96193886,0.86339533,0.91000706
880,agriculture,ছাদ বাগানের স্মার্ট সেচ বিষয়ে খুব সহজেই সেচ সম্পর্কে কী তথ্য আছে?,খুব সহজেই সেচ সিডিউল এবং সেচের পানির পরিমাণ ডিজিটাল পদ্ধতিতে বা স্মার্ট মাধ্যমে নিয়ন্ত্রণ করা যায়।,খুব সহজেই সেচ সিডিউল এবং সেচের পানির পরিমাণ ডিজিটাল পদ্ধতিতে বা স্মার্ট মাধ্যমে নিয়ন্ত্রণ করা যায়।,False,1.0,1.0,1.0,1.0,1.0,1.0,1.0,1.0,1.0
881,agriculture,বারি কাঁঠাল-৫-এর রং-সংক্রান্ত বৈশিষ্ট্য কী?,ফল সাধারণত সবুজাভ হলুদ রঙের হয়।,ফল সাধারণত সবুজাভ হলুদ রঙের হয়।,False,1.0,1.0,1.0,1.0,1.0,1.0,1.0,1.0,1.0
882,agriculture,ছাদ বাগানের স্মার্ট সেচ বিষয়ে ইন্টারনেট সংযোগের প্রয়োজন সম্পর্কে কী তথ্য আছে?,ওয়াই ফাই নিয়ন্ত্রিত সুইচ ব্যবহার করলে অবশ্যই সেচ পদ্ধতিটি এবং স্মার্ট মোবাইল ফোনে ইন্টারনেট সংযোগ থাকতে হবে।,ওয়াই ফাই নিয়ন্ত্রিত সুইচ ব্যবহার করলে অবশ্যই সেচ পদ্ধতিটি এবং স্মার্ট মোবাইল ফোনে ইন্টারনেট সংযোগ থাকতে হবে।,False,1.0,1.0,1.0,1.0,1.0,1.0,1.0000001,1.0000001,1.0000001
883,agriculture,বন্যার পানিতে তলানোর আশঙ্কা থাকলে পানিকচু চারা কখন লাগানো ভালো?,যে সব জায়গা বন্যার পানিতে তলিয়ে যাবার সম্ভাবনা আছে সেখানে কার্তিক মাসেই চারা লাগানো ভালো।,যে সব জায়গা বন্যার পানিতে তলিয়ে যাবার সম্ভাবনা আছে সেখানে কার্তিক মাসে চারা লাগানো ভাল।,False,0.0,0.9887640449438203,0.8666666666666667,0.8666666666666667,0.7857142857142857,0.8666666666666667,0.9850044,0.9753628,0.9801599
884,agriculture,লটকনের চারা সম্পর্কে কী তথ্য দেওয়া হয়েছে?,চারা রোপণ করার ১৫-২০ দিন পূর্বে ৬০ সেমি × ৬০ সেমি × ৬০ সেমি আকারের গর্ত করতে হবে।,লটকনের চারা সম্পর্কে নির্দেশনা: চারা গর্তের ঠিক মাঝখানে খাড়াভাবে লাগাতে হবে এবং চারার চারিদিকের মাটি হাত দিয়ে চেপে ভালভাবে বসিয়ে দিতে হবে।,False,0.0,0.3789473684210526,0.10256410256410256,0.10256410256410256,0.0,0.10256410256410256,0.69825613,0.6712753,0.6845
885,agriculture,বারি কাসাভা-২-এর কন্দ বা রাইজোম সম্পর্কে কী বলা হয়েছে?,টিউবার হালকা বাদামী এবং এর মাংসল ক্রিম বর্ণের হয়।,টিউবার হালকা বাদামী এবং এর মাংসল ক্রিম বর্ণের হয়।,False,1.0,1.0,1.0,1.0,1.0,1.0,1.0000001,1.0000001,1.0000001
886,agriculture,চীনাবাদাম সম্পর্কে বেলে দো-আঁশ মাটির সুবিধা বিষয়ে কী বলা হয়েছে?,বেলে দো-আঁশ মাটিতে সহজে শিকড় ও পেগ মাটিতে প্রবেশ করতে পারে বিধায় চীনাবাদাম অধিক ফলন দেয়।,বেলে দো-আঁশ মাটিতে সহজে শিকড় ও পেগ মাটিতে প্রবেশ করতে পারে বিধায় চীনাবাদাম অধিক ফলন দেয়।,False,1.0,1.0,1.0,1.0,1.0,1.0,1.0,1.0,1.0
887,agriculture,কাসাভা সম্পর্কে কন্দ সংগ্রহের সময় বিষয়ে কী বলা হয়েছে?,চারা রোপণের ৭ মাস পর থেকে কাসাভা গাছ থেকে কন্দ সংগ্রহ করা যায়।,চারা রোপণের ৭ মাস পর থেকে কাসাভা গাছ থেকে কন্দ সংগ্রহ করা যায়।,False,1.0,1.0,1.0,1.0,1.0,1.0,0.9999999,0.9999999,0.9999999
888,agriculture,বারি অড়হর-১-এর গাছ কতটা লম্বা হয়?,অড়হরের জাত বারি অড়হর-১ বৈশিষ্ট্য গাছ খাড়া ও শক্ত এবং গাছের উচ্চতা ২-৩ মিটার।,অড়হরের জাত বারি অড়হর-১ বৈশিষ্ট্য গাছ খাড়া ও শক্ত এবং গাছের উচ্চতা ২-৩ মিটার।,False,1.0,1.0,1.0,1.0,1.0,1.0,1.0,1.0,1.0
889,agriculture,পানিকচু চাষের জন্য কী ধরনের মাটি উপযোগী?,পলি দো-আঁশ ও এঁটেল দো-আঁশ মাটি পানিকচু চাষের উপযোগী।,পলি দো-আঁশ ও এঁটেল দো-আঁশ মাটি পানিকচু চাষের জন্য উপযোগী।,False,0.0,1.0,0.9565217391304348,0.9565217391304348,0.8571428571428572,0.9565217391304348,0.98003286,0.9860946,0.9830544
890,agriculture,বারি চিয়া ১-এর অবমুক্তি বা অনুমোদনের বছর কী?,২০২৩ সালে বারি চিয়া ১ জাতটি অবমুক্ত করে।,২০২৩ সালে বারি চিয়া ১ জাতটি অবমুক্ত করে।,False,1.0,1.0,1.0,1.0,1.0,1.0,1.0,1.0,1.0
891,agriculture,বারি কফি-১ সম্পর্কে পাকা অবস্থায় লাল বিষয়ে কী বলা হয়েছে?,পাকা অবস্থায় ফল লাল বর্ণ ধারণ করে।,ফলের রং লাল বর্ণ ধারণ করে।,False,0.0,0.8095238095238095,0.6153846153846153,0.6153846153846153,0.5454545454545454,0.6153846153846153,0.888147,0.8469339,0.86705095
892,agriculture,গম-পাট-রোপা আমন ফসল বিন্যাসের সার ব্যবস্থাপনায় কী নির্দেশনা আছে?,পাট: পাট বপনের সময় ইউরিয়া ব্যাতীত অন্যান্য সার শেষ চাষে সমানভাবে ছিটিয়ে মাটির সাথে মিশিয়ে দিতে হবে।,রোপা আমন: ইউরিয়া ও অর্ধেক পটাশ সার বাদে অন্যান্য সকল সার শেষ জমি প্রস্তুতের সময় মাটির সাথে ভালভাবে মিশিয়ে দিতে হবে।,False,0.0,0.7402597402597402,0.5263157894736842,0.5263157894736842,0.22222222222222224,0.4736842105263158,0.77298033,0.81062984,0.7913575
893,agriculture,চিনা কখন বা কীভাবে সংগ্রহ করতে হবে?,জাতটি ৯৬-১০৫ দিনে ফসল সংগ্রহ উপযোগী হয়।,জাতটি ৯৬-১০৫ দিনে ফসল সংগ্রহ উপযোগী হয়।,False,1.0,1.0,1.0,1.0,1.0,1.0,0.9999999,0.9999999,0.9999999
894,agriculture,বারি আলু-১০১-এর পরিপক্বতার সময় কত?,৯০-৯৫ দিনে আলু পরিপক্কতা লাভ করে।,৯০-৯৫ দিনে আলু পরিপক্ক হয়।,False,0.0,0.7931034482758621,0.6153846153846153,0.6153846153846153,0.5454545454545454,0.6153846153846153,0.9349798,0.9144738,0.9246131
895,agriculture,অড়হর সারি পদ্ধতিতে বীজের হার কত?,সারিতে বপন করলে প্রতি হেক্টরে ১ কেজি বীজের প্রয়োজন হবে।,সারিতে বপন করলে প্রতি হেক্টরে ১ কেজি বীজের প্রয়োজন হবে।,False,1.0,1.0,1.0,1.0,1.0,1.0,1.0,1.0,1.0
896,agriculture,মাঠের ইঁদুর ব্যবস্থাপনা বিষয়ে কোন বিষ ব্যবহার সম্পর্কে কী তথ্য আছে?,কোন বিষ ব্যবহার না করে খুবই কম খরচে ইঁদুর তাড়ানো সম্ভব হবে।,প্রযুক্তিটি ব্যবহারে ক্ষতিকারক রাসায়নিক কীটনাশক প্রয়োগের প্রয়োজন হয় না।,False,0.0,0.4210526315789474,0.09523809523809525,0.09523809523809525,0.0,0.09523809523809525,0.6837489,0.71101767,0.69711673
897,agriculture,জোয়ার বপন বা রোপণে কী দূরত্ব রাখতে হয়?,বীজ বপনের দূরত্ব: সারি থেকে সারি ৬০ সেমি. এবং গাছ থেকে গাছের দূরত্ব ২০ সেমি.।,সারি থেকে সারি ৬০ সেমি. এবং গাছ থেকে গাছের দূরত্ব ২০ সেমি।,False,0.0,1.0,0.888888888888889,0.888888888888889,0.88,0.888888888888889,0.93874836,0.8890044,0.9131995
898,agriculture,বারি পানিকচু-৯ বিষয়ে লতির গঠন সম্পর্কে কী তথ্য আছে?,এর লতি তুলনামূলক চিকন এবং লম্বা।,লতি তুলনামূলক চিকন এবং লম্বা।,False,0.0,1.0,0.9090909090909091,0.9090909090909091,0.888888888888889,0.9090909090909091,0.9765665,0.9670012,0.9717603
899,agriculture,কফির রং বা বর্ণ কেমন?,গাঢ় লাল রঙের রোগ মুক্ত ফল হাত দিয়ে বেছে বেছে সংগ্রহ করতে হবে।,"[Context 1]
উভয় প্রকার কফির ফুল সাদা রঙের হয়।",False,0.0,0.39603960396039606,0.09090909090909093,0.09090909090909093,0.0,0.09090909090909093,0.6899905,0.68552005,0.687748
900,agriculture,ভুট্টা-রোপা আউশ-রোপা আমন ফসলধারার পোকামাকড় বা ক্ষতিকর প্রাণী ব্যবস্থাপনায় কী বলা হয়েছে?,রোগ বালাই দমন: ভুট্টা: প্রাথমিক পর্যায়ে ভিরতাকো প্রয়োগ করতে হবে স্টেমবোরার পোকা দমনের জন্য।,রোগ বালাই দমন: ভুট্টা: প্রাথমিক পর্যায়ে ভিরতাকো প্রয়োগ করতে হবে স্টেমবোরার পোকা দমনের জন্য।,False,1.0,1.0,1.0,1.0,1.0,1.0,1.0,1.0,1.0
901,agriculture,সয়াবিন-রোপা আউশ-রোপা আমন ফসল বিন্যাস বিষয়ে আউশ আমন ধান সম্পর্কে কী তথ্য আছে?,আউশ/আমন ধান: জমি ৩০-৪০ দিন পর্যন্ত আগাছা মুক্ত রাখতে হবে।,জমি ৩০-৪০ দিন পর্যন্ত আগাছা মুক্ত রাখতে হবে।,False,0.0,1.0,0.8571428571428571,0.8571428571428571,0.8421052631578948,0.8571428571428571,0.9672667,0.86962825,0.9158525
902,agriculture,সয়াবিন-রোপা আউশ-রোপা আমন ফসল বিন্যাসের ফলন কত?,তিন ফসল ভিত্তিক উন্নত এ ফসল বিন্যাসে আউশ মৌসুমে ব্রি ধান৪৮ অন্তর্ভুক্ত করায় ধানের সমতুল্য ফলন ১২.৬৫ টন/হেক্টর/বছর পাওয়া গেছে যা প্রচলিত ফসল বিন্যাসের চেয়ে ৫৬% বেশি।,আউশ মৌসুমে ব্রি ধানুর সমতুল্য ফলন ১২.৬৫ টন/হেক্টর/বছর পাওয়া যায়।,False,0.0,0.907563025210084,0.5116279069767441,0.5116279069767441,0.4390243902439025,0.5116279069767441,0.8970416,0.74782133,0.8156629
903,agriculture,মরিচের সেচ সম্পর্কে কী বলা হয়েছে?,চারা রোপণের পরপর জমিতে পানি সেচ দেওয়ার ব্যবস্থা করতে হবে।,জমির আর্দ্রতার উপর নির্ভর করে ৩/৪টি সেচ দিতে হবে।,False,0.0,0.45714285714285713,0.20000000000000004,0.20000000000000004,0.0,0.20000000000000004,0.7234531,0.75769365,0.7401776
904,agriculture,বারি চিনা-২-এর গাছের উচ্চতা কত?,গাছের উচ্চতা ৮২-৮৪ সে.মি.।,গাছের উচ্চতা ৮২-৮৪ সে.মি.।,False,1.0,1.0,1.0,1.0,1.0,1.0,0.99999994,0.99999994,0.99999994
905,agriculture,বারি আলু-১০৩-এর গাছ কতটা লম্বা হয়?,গাছ মধ্যম উচ্চতাসম্পন্ন ইন্টারমিডিয়েট টাইপ এবং গড়ে ৪-৬টি কাণ্ড থাকে।,গাছ মধ্যম উচ্চতাসম্পন্ন ইন্টারমিডিয়েট টাইপ।,False,0.0,1.0,0.625,0.625,0.5714285714285715,0.625,0.9209869,0.84010273,0.8786874
906,agriculture,সয়াবিন-রোপা আউশ-রোপা আমন ফসল বিন্যাস সম্পর্কে আউশ আমন ধান বিষয়ে কী বলা হয়েছে?,আউশ/আমন ধান: জমি ৩০-৪০ দিন পর্যন্ত আগাছা মুক্ত রাখতে হবে।,আউশ/আমন ধান: জমি ৩০-৪০ দিন পর্যন্ত আগাছা মুক্ত রাখতে হবে।,False,1.0,1.0,1.0,1.0,1.0,1.0,1.0,1.0,1.0
907,agriculture,মটরশুটির পটাশিয়াম সার ব্যবস্থাপনার আয়-ব্যয় বা মুনাফা সম্পর্কে কী তথ্য আছে?,"তিন বৎসরের গবেষণায় প্রতীয়মান হয়েছে, রবি মৌসুমে হেক্টরপ্রতি ৩৭,৭৭৮ টাকা খরচ করে প্রায় ১,৫৯,৭২২ টাকার সবুজ শুঁটি এবং প্রায় ৫৮,২২২ টাকার বীজ উৎপাদন করা যায়।","রবি মৌসুমে হেক্টরপ্রতি ৩৭,৭৭৮ টাকা খরচ করে প্রায় ১,৫৯,৭২২ টাকার সবুজ শুঁটি এবং প্রায় ৫৮,২২২ টাকার বীজ উৎপাদন করা যায়।",False,0.0,1.0,0.9056603773584906,0.9056603773584906,0.9019607843137255,0.9056603773584906,0.9582939,0.8961387,0.9261747
908,agriculture,মরিচের সাথে পাতা জাতীয় সবজি আন্তঃফসলের আগাছা ব্যবস্থাপনায় কী করতে বলা হয়েছে?,আগাছা দমন জমিতে আগাছার পরিমাণের উপর নির্ভর করে নিড়ানী দিতে হবে।,আগাছা দমন জমিতে আগাছার পরিমাণের উপর নির্ভর করে নিড়ানী দিতে হবে।,False,1.0,1.0,1.0,1.0,1.0,1.0,1.0000001,1.0000001,1.0000001
909,agriculture,চীনাবাদামের আবহাওয়া সম্পর্কে কী বলা হয়েছে?,শুষ্ক আবহাওয়া পরিপক্কতা ও কর্তনের জন্য দরকার হয় তবে বিশেষ করে ফুল ও পেগ গঠনের সময় জমিতে রসের অভাব হলে ফলন অনেকটা কম হয়।,শুষ্ক আবহাওয়া পরিপক্কতা ও কর্তনের জন্য দরকার হয় তবে বিশেষ করে ফুল ও পেগ গঠনের সময় জমিতে রসের অভাব হলে ফলন অনেকটা কম হয়।,False,1.0,1.0,1.0,1.0,1.0,1.0,1.0,1.0,1.0
910,agriculture,বারি চিনা-২-এর বপন পদ্ধতি সম্পর্কে কী বলা হয়েছে?,সারিতে বুনলে দু'সারির মাঝে দূরত্ব রাখতে হবে ২০-৩০ সে.মি.।,সারিতে বুনলে দু'সারির মাঝে দূরত্ব রাখতে হবে ২০-৩০ সে.মি.।,False,1.0,1.0,1.0,1.0,1.0,1.0,0.99999994,0.99999994,0.99999994
911,agriculture,কাঁঠাল চাষে পানি জমে থাকা নিয়ে কী বলা হয়েছে?,কাঁঠাল গাছ জলাবদ্ধতা সহ্য করতে পারে না।,সাধারণত উঁচু ও মাঝারি উঁচু জমি যেখানে পানি নিষ্কাশনের সুব্যবস্থা রয়েছে এমন উর্বর জমি কাঁঠালের চাষের জন্য উপযোগী।,False,0.0,0.35460992907801414,0.0,0.0,0.0,0.0,0.68286777,0.73965394,0.7101274
912,agriculture,চুইঝাল কীভাবে বংশবিস্তার করা হয়?,চুইঝালের বংশবিস্তার বীজ ও লতার/শাখার মাধ্যমে হয়ে থাকে।,বংশবিস্তার: চুইঝালের বংশবিস্তার বীজ ও লতার/শাখার মাধ্যমে হয়ে থাকে।,False,0.0,1.0,0.9473684210526316,0.9473684210526316,0.9411764705882353,0.9473684210526316,0.9133765,0.9349143,0.92401993
913,agriculture,বারি মেটে আলু-৪-এর শুষ্ক পদার্থ সম্পর্কে কী তথ্য আছে?,শুষ্ক পদার্থের পরিমাণ ২৯.৯৪ ± ১।,শুষ্ক পদার্থের পরিমাণ ২৯.৯৪ ± ১।,False,1.0,1.0,1.0,1.0,1.0,1.0,1.0,1.0,1.0
914,agriculture,সুপারি সম্পর্কে গোবর ও রাসায়নিক সার বিষয়ে কী বলা হয়েছে?,সেপ্টেম্বর মাসে প্রথম বার রাসায়নিক সার প্রয়োগের সময়ে (বছরে একবার) সম্পূর্ণ গোবর/কম্পোস্ট সার প্রয়োগ করতে হবে।,"হেক্টরপ্রতি ১৫-২০ টন গোবর বা জৈব সার প্রয়োগ করতে হবে, তবে কোনো রাসায়নিক সার প্রয়োগের প্রয়োজন নেই।",False,0.0,0.6467661691542288,0.45714285714285713,0.45714285714285713,0.30303030303030304,0.28571428571428575,0.7977218,0.78229725,0.7899343
915,agriculture,চুইঝাল: পলিব্যাগ উৎপাদিত চারা পরবর্তীতে প্রসঙ্গে কী তথ্য আছে?,পলিব্যাগ উৎপাদিত চারা পরবর্তীতে মূল জমিতে রোপণ করা হয়।,পলিব্যাগ উৎপাদিত চারা পরবর্তীতে মূল জমিতে রোপণ করা হয়।,False,1.0,1.0,1.0,1.0,1.0,1.0,1.0000001,1.0000001,1.0000001
916,agriculture,বারি ডাঁটা-৪-এর ফুল আসার সময় সম্পর্কে কী তথ্য আছে?,বারি ডাঁটা-৪ সারা বছর চাষোপযোগী জাত এবং বীজ বপনের ১০০-১০৫ দিন পর ফুল আসে এবং ১২০ দিন পর কাণ্ডে হালকা আঁশ গঠিত হয়।,ফুল আসার সময়: ফুল আসার ১০০-১০৫ দিন পর কাণ্ডে হালকা আঁশ গঠিত হয়।,False,0.0,0.8979591836734694,0.5128205128205129,0.5128205128205129,0.43243243243243246,0.4615384615384615,0.83787084,0.7730501,0.80415636
917,agriculture,পানিকচু চারা লাগানোর কত মাস পর থেকে কত মাস পর্যন্ত লতি সংগ্রহ করা যায়?,চারা লাগানোর ২ মাস পর থেকে ৫ মাস পর্যন্ত লতি সংগ্রহ করা যায়।,চারা লাগানোর ২ মাস পর থেকে ৫ মাস পর্যন্ত লতি সংগ্রহ করা যায়।,False,1.0,1.0,1.0,1.0,1.0,1.0,1.0,1.0,1.0
918,agriculture,মাঠের ইঁদুর ব্যবস্থাপনা সম্পর্কে কোন বিষ ব্যবহার বিষয়ে কী বলা হয়েছে?,কোন বিষ ব্যবহার না করে খুবই কম খরচে ইঁদুর তাড়ানো সম্ভব হবে।,বিষ ব্যবহার না করে খুবই কম খরচে ইঁদুর তাড়ানো সম্ভব হবে।,False,0.0,1.0,0.9565217391304348,0.9565217391304348,0.9523809523809523,0.9565217391304348,0.98591596,0.97859895,0.98224384
919,agriculture,বারি অড়হর-১-এর গাছের উচ্চতা কত?,অড়হরের জাত বারি অড়হর-১ বৈশিষ্ট্য গাছ খাড়া ও শক্ত এবং গাছের উচ্চতা ২-৩ মিটার।,অড়হরের জাত বারি অড়হর-১ বৈশিষ্ট্য গাছ খাড়া ও শক্ত এবং গাছের উচ্চতা ২-৩ মিটার।,False,1.0,1.0,1.0,1.0,1.0,1.0,1.0,1.0,1.0
920,agriculture,গম-পাট-রোপা আমন ফসল বিন্যাসের সার প্রয়োগ সম্পর্কে কী বলা হয়েছে?,পাট: পাট বপনের সময় ইউরিয়া ব্যাতীত অন্যান্য সার শেষ চাষে সমানভাবে ছিটিয়ে মাটির সাথে মিশিয়ে দিতে হবে।,সেচসহ চাষের ক্ষেত্রে চারার তিন পাতা বয়সে প্রথম সেচের পর হেক্টরপ্রতি ৭৫-৯০ কেজি ইউরিয়া উপরি প্রয়োগ করতে হবে।,False,0.0,0.4271844660194175,0.1111111111111111,0.1111111111111111,0.0,0.1111111111111111,0.6544248,0.68466145,0.6692017
921,agriculture,বারি মরিচ-৬-এর ফল সম্পর্কে কী তথ্য আছে?,"বারি মরিচ-৬ কাঁচা অবস্থায় গাঢ় কালচে, ফলের গায়ের পার্শ্বে আংশিক বা সামগ্রিক (মৌসুম ভেদে) কালচে রং থাকে এবং পরিপক্ক অবস্থায় উজ্জ্বল, গাঢ় লাল রং বিশিষ্ট।",ফল মাঝারি লম্বা এবং প্রতিটি মরিচের দৈর্ঘ্য ৪-৫ সেমি।,False,0.0,0.348314606741573,0.05555555555555555,0.05555555555555555,0.0,0.05555555555555555,0.6812745,0.6469949,0.66369236
922,agriculture,সয়াবিন-রোপা আউশ-রোপা আমন ফসল বিন্যাসের ক্ষতিকর পোকা বা প্রাণী দমনে কী তথ্য আছে?,বিছাপোকার আক্রমণ দেখা দিলে নাইট্রো ৫০৫ ইসি প্রতি লিটার পানিতে ২ মিলি হিসেবে মিশিয়ে স্প্রে মেশিনের মাধ্যমে ছিটিয়ে দিতে হবে।,বিছাপোকা দমন: বিছাপোকার আক্রমণ দেখা দিলে নাইট্রো ৫০৫ ইসি প্রতি লিটার পানিতে ২ মিলি হিসেবে মিশিয়ে স্প্রে মেশিনের মাধ্যমে ছিটিয়ে দিতে হবে।,False,0.0,1.0,0.9523809523809523,0.9523809523809523,0.9500000000000001,0.9523809523809523,0.9301734,0.9639287,0.9467502
923,agriculture,বারি অড়হর-১-এর ১০০ বীজের ওজন কত?,১০০ বীজের ওজন ১১-১২ গ্রাম এবং ফলন প্রতি হেক্টরে প্রায় ১.৫-১.৮ টন।,১১-১২ গ্রাম।,False,0.0,1.0,0.3157894736842105,0.3157894736842105,0.23529411764705882,0.3157894736842105,0.7541497,0.614931,0.6774619
924,agriculture,পানিকচুর আগাছা ব্যবস্থাপনার গুরুত্বপূর্ণ সময় কত?,চারা লাগানোর পর থেকে ৩ মাস পর্যন্ত জমিতে আগাছা জন্মাতে পারে।,চারা লাগানোর পর থেকে ৩ মাস পর্যন্ত জমিতে আগাছা জন্মাতে পারে।,False,1.0,1.0,1.0,1.0,1.0,1.0,1.0000001,1.0000001,1.0000001
925,agriculture,বারি চুইঝাল-১-এর কাণ্ড সম্পর্কে কী তথ্য আছে?,তিন বছর বয়সী গাছের কাণ্ডের ব্যাস ৬-৮ সে.মি.।,তিন বছর বয়সী গাছের কাণ্ডের ব্যাস ৬-৮ সে.মি.।,False,1.0,1.0,1.0,1.0,1.0,1.0,0.99999994,0.99999994,0.99999994
926,agriculture,বারি অড়হর-১ একশটি বীজের ওজন কত?,১০০ বীজের ওজন ১১-১২ গ্রাম এবং ফলন প্রতি হেক্টরে প্রায় ১.৫-১.৮ টন।,১০০ বীজের ওজন ১১-১২ গ্রাম।,False,0.0,1.0,0.5454545454545454,0.5454545454545454,0.5,0.5454545454545454,0.9383705,0.7934228,0.85983074
927,agriculture,মুখীকচু বিষয়ে ডাবল সারি পদ্ধতির রোপণ দূরত্ব সম্পর্কে কী তথ্য আছে?,ডাবল সারি পদ্ধতিতে রোপণ দূরত্ব: ৭৫ সেমি × ৬০ সেমি।,তথ্য: ডাবল সারি পদ্ধতিতে রোপণ দূরত্ব: ৭৫ সেমি × ৬০ সেমি।,False,0.0,1.0,0.9473684210526316,0.9473684210526316,0.9411764705882353,0.9473684210526316,0.9614762,0.97766304,0.9695021
928,agriculture,বারি পানিকচু-৮-এর প্রতি গাছে লতির সংখ্যা ও ওজন কত?,"প্রতিটি লতির গড় ওজন ৭০ গ্রাম, দৈর্ঘ্য প্রায় ৫০ সেমি এবং ব্যাস ২ সেমি।",গাছপ্রতি লতির গড় সংখ্যা ২৪টি এবং গড় ওজন ৮০০ গ্রাম।,False,0.0,0.6666666666666665,0.41666666666666663,0.41666666666666663,0.18181818181818185,0.3333333333333333,0.79794633,0.76428914,0.7807552
929,agriculture,চর এলাকায় বিনা চাষে পেঁয়াজ বিষয়ে চারা প্রতিষ্ঠিত হওয়া পর্যন্ত আর্দ্রতা সম্পর্কে কী তথ্য আছে?,পেঁয়াজের চারা মাটিতে প্রতিষ্ঠিত না হওয়া পর্যন্ত জমিতে পর্যাপ্ত আর্দ্রতা নিশ্চিত করতে হবে।,পেঁয়াজের চারা মাটিতে প্রতিষ্ঠিত না হওয়া পর্যন্ত জমিতে পর্যাপ্ত আর্দ্রতা নিশ্চিত করতে হবে।,False,1.0,1.0,1.0,1.0,1.0,1.0,1.0,1.0,1.0
930,agriculture,বারি পানিকচু-৯ সম্পর্কে লতির গঠন বিষয়ে কী বলা হয়েছে?,এর লতি তুলনামূলক চিকন এবং লম্বা।,লতি তুলনামূলক চিকন এবং লম্বা।,False,0.0,1.0,0.9090909090909091,0.9090909090909091,0.888888888888889,0.9090909090909091,0.9765665,0.9670012,0.9717603
931,agriculture,সুপারি বিষয়ে গোবর ও রাসায়নিক সার সম্পর্কে কী তথ্য আছে?,সেপ্টেম্বর মাসে প্রথম বার রাসায়নিক সার প্রয়োগের সময়ে (বছরে একবার) সম্পূর্ণ গোবর/কম্পোস্ট সার প্রয়োগ করতে হবে।,"হেক্টরপ্রতি ১৫-২০ টন গোবর বা জৈব সার প্রয়োগ করতে হবে, তবে কোনো রাসায়নিক সার প্রয়োগের প্রয়োজন নেই।",False,0.0,0.6467661691542288,0.45714285714285713,0.45714285714285713,0.30303030303030304,0.28571428571428575,0.7977218,0.78229725,0.7899343
932,agriculture,মরিচ চাষ বা সংগ্রহের জন্য কেমন আবহাওয়া উপযোগী?,মোটামুটি ভাবে ঠান্ডা ও শুষ্ক আবহাওয়া মরিচ চাষের উপযোগী।,মরিচ চাষের জন্য ঠান্ডা ও শুষ্ক আবহাওয়া উপযোগী।,False,0.0,0.9425287356321839,0.823529411764706,0.823529411764706,0.5333333333333333,0.5882352941176471,0.94292897,0.88526213,0.91318613
933,agriculture,বারি চিয়া ১ কোন সালে অবমুক্ত বা অনুমোদিত হয়েছে?,২০২৩ সালে বারি চিয়া ১ জাতটি অবমুক্ত করে।,২০২৩ সালে বারি চিয়া ১ জাতটি অবমুক্ত করা হয়েছে।,False,0.0,0.9473684210526315,0.823529411764706,0.823529411764706,0.7999999999999999,0.823529411764706,0.9681061,0.9763565,0.9722138
934,agriculture,মরিচের রং-সংক্রান্ত বৈশিষ্ট্য কী?,দ্বিস্তর বিশিষ্ট পলিথিন ব্যাগ ও টিনের পাত্রের মধ্যে পলিথিন দিয়ে তার ভিতর মরিচ রাখলে মরিচের রং গুণগত মান খুব ভাল থাকে।,"ফলের গায়ের পার্শ্বে আংশিক বা সামগ্রিক (মৌসুম ভেদে) কালচে রং থাকে এবং পরিপক্ক অবস্থায় উজ্জ্বল, গাঢ় লাল রং বিশিষ্ট।",False,0.0,0.45662100456621,0.15,0.15,0.0,0.1,0.6358932,0.6559927,0.64578664
935,agriculture,বারি আলু-১০২-এর গাছ কতটা লম্বা হয়?,গাছ মধ্যম উচ্চতা সম্পন্ন ইন্টারমিডিয়েট টাইপ এবং গড়ে ৪-৫টি কাণ্ড থাকে।,গাছ মধ্যম উচ্চতা সম্পন্ন ইন্টারমিডিয়েট টাইপ।,False,0.0,1.0,0.6666666666666666,0.6666666666666666,0.625,0.6666666666666666,0.9211639,0.8406639,0.8790749
936,agriculture,বারি চীনাবাদাম-১২ ১০০ বাদামের ওজন কত?,১০০ বাদামের (খোসা ছাড়া) ওজন ৫৫-৬০ গ্রাম।,১০০ বাদামের (খোসা ছাড়া) ওজন ৫৫-৬০ গ্রাম।,False,1.0,1.0,1.0,1.0,1.0,1.0,1.0,1.0,1.0
937,agriculture,বারি ডাঁটা-৪-এর বীজ কখন সংগ্রহ করা যায়?,বীজ উৎপাদনের জন্য বপনের ১৩০-১৫০ দিন পর বীজ সংগ্রহপযোগী হয়।,বীজ উৎপাদনের জন্য বপনের ১৩০-১৫০ দিন পর বীজ সংগ্রহপযোগী হয়।,False,1.0,1.0,1.0,1.0,1.0,1.0,1.0,1.0,1.0
938,agriculture,বারি পাটের আঁশ ছাড়ানো যন্ত্র আয়-ব্যয় বা মুনাফা সম্পর্কে কী তথ্য আছে?,"মূল্য: ৯০,০০০.০০ টাকা (ইঞ্জিন ছাড়া)।","মূল্য: ৯০,০০০.০০ টাকা (ইঞ্জিন ছাড়া)।",False,1.0,1.0,1.0,1.0,1.0,1.0,1.0000001,1.0000001,1.0000001
939,agriculture,বারি আলু-১০৩-এর গাছের উচ্চতা কত?,গাছ মধ্যম উচ্চতাসম্পন্ন ইন্টারমিডিয়েট টাইপ এবং গড়ে ৪-৬টি কাণ্ড থাকে।,গাছ মধ্যম উচ্চতাসম্পন্ন ইন্টারমিডিয়েট টাইপ এবং গড়ে ৪-৬টি কাণ্ড থাকে।,False,1.0,1.0,1.0,1.0,1.0,1.0,1.0,1.0,1.0
940,agriculture,বার্লি সারি পদ্ধতিতে বীজের হার কত?,সারিতে বপনকৃত জমিতে হেক্টরপ্রতি ৬০ কেজি বীজ বপন করতে হবে।,সারিতে বপনকৃত জমিতে হেক্টরপ্রতি ৬০ কেজি বীজ বপন করতে হবে।,False,1.0,1.0,1.0,1.0,1.0,1.0,1.0,1.0,1.0
941,agriculture,ঝাড়শিমের রোপণ পদ্ধতি সম্পর্কে কী বলা হয়েছে?,সরাসরি জমিতে লাইন করে বীজ বুনতে হয়।,সরাসরি জমিতে লাইন করে বীজ বুনতে হবে।,False,0.0,0.942857142857143,0.8571428571428571,0.8571428571428571,0.8333333333333334,0.8571428571428571,0.9647224,0.9647224,0.9647224
942,agriculture,মেটে আলুর ফলন কত?,জাতটির কন্দের গড় ফলন ১১৭.৮ টন/হেক্টর।,জাতটির কন্দের গড় ফলন ১১৭.৮ টন/হেক্টর।,False,1.0,1.0,1.0,1.0,1.0,1.0,0.99999994,0.99999994,0.99999994
943,agriculture,আলুর টিউবার মথ ব্যবস্থাপনা কীভাবে সংরক্ষণ করতে হবে?,উল্লেখযোগ্য বৈশিষ্ট্য: পোকামাকড় ও রোগমুক্ত টিউবার সংগ্রহ করে ঘরে উত্তম বাতাস চলাচল করে এমন স্থানে আলু সংরক্ষণ করতে হবে।,উল্লেখিত তথ্য ভিত্তিক শতকরা ১০০ কেজি আলু গাছ থেকে প্রায় ৭০ কেজি টিউবার মথ পাওয়া যায়।,False,0.0,0.4205128205128205,0.11428571428571428,0.11428571428571428,0.0,0.05714285714285714,0.7051092,0.67687464,0.6907035
944,agriculture,বারি মুখীকচু-৩ গাছে মুখীর সংখ্যা ও গড় ওজন কত?,গাছ প্রতি মুখীর সংখ্যা ২৫-৩০ টি এবং গড় ওজন প্রায় ৮০০ গ্রাম।,গাছ প্রতি মুখীর সংখ্যা ২৫-৩০ টি এবং গড় ওজন প্রায় ৮০০ গ্রাম।,False,1.0,1.0,1.0,1.0,1.0,1.0,1.0000001,1.0000001,1.0000001
945,agriculture,বারি পাটের আঁশ ছাড়ানো যন্ত্র চাষের অর্থনৈতিক ফলাফল সম্পর্কে কী বলা হয়েছে?,"মূল্য: ৯০,০০০.০০ টাকা (ইঞ্জিন ছাড়া)।","সম্পর্কে আয়-ব্যয় ও মুনাফা সম্পর্কে তথ্য: মূল্য: ৯০,০০০.০০ টাকা (ইঞ্জিন ছাড়া)।",False,0.0,1.0,0.6666666666666666,0.6666666666666666,0.631578947368421,0.6666666666666666,0.7851308,0.9517605,0.8604528
946,agriculture,কাঁঠাল বীজতলায় বপনের পর কতদিনে চারা গজায়?,ভাল পাকা কাঁঠাল থেকে পুষ্ট বড় বীজ বের করে ছাই মাখিয়ে ২/৩ দিন ছায়ায় শুকিয়ে বীজতলায় বপন করলে ২০-২৫ দিনে চারা গজাবে।,২০-২৫ দিনে চারা গজায়।,False,0.0,0.8333333333333333,0.27586206896551724,0.27586206896551724,0.22222222222222218,0.27586206896551724,0.8423808,0.67047924,0.7466637
947,agriculture,চীনাবাদামের ফলন কত?,হেক্টরপ্রতি ফলন ২০০০-২৮০০ কেজি।,হেক্টরপ্রতি ফলন ২০০০-২৮০০ কেজি।,False,1.0,1.0,1.0,1.0,1.0,1.0,1.0,1.0,1.0
948,agriculture,বারি কফি-১ সম্পর্কে বাগানভেদে চারার সংখ্যা বিষয়ে কী বলা হয়েছে?,ফল বাগানের ভিতরে বা বাণিজ্যিকভাবে কফি উৎপাদনের ক্ষেত্রে চারা সংখ্যা কম বেশি হয়ে থাকে।,বারি কফি-১ জাতটি বাগানের ভিতরে বা বাণিজ্যিকভাবে কফি উৎপাদনের জন্য চারা সংখ্যা কম বেশি হয়ে থাকে।,False,0.0,0.9240506329113924,0.7741935483870968,0.7741935483870968,0.6896551724137931,0.7741935483870968,0.8961393,0.9385216,0.9168409
949,agriculture,গম-পাট-রোপা আমন ফসল বিন্যাসের সেচ সম্পর্কে কী বলা হয়েছে?,বপনের ১৭-২১ দিন পরে প্রথম সেচ ও দ্বিতীয় সেচ শীষ বের হওয়ার সময় ৫০-৫৫ দিন পর দিতে হবে।,বপনের ১৭-২১ দিন পরে প্রথম সেচ ও দ্বিতীয় সেচ শীষ বের হওয়ার সময় ৫০-৫৫ দিন পর দিতে হবে।,False,1.0,1.0,1.0,1.0,1.0,1.0,1.0,1.0,1.0
950,agriculture,পালংশাকের কম্পোস্ট ব্যবস্থাপনা প্রযুক্তি কোথায় বা কোন ক্ষেত্রে উপযোগী?,"অঞ্চল: কৃষি পরিবেশ অঞ্চল-২৮, এলাকা: গাজীপুর, মৌসুম: রবি।","মাটির আয়তনী ঘনত্ব কমে যায়, পানি ধারণ ক্ষমতা ও জৈব পদার্থের পরিমাণ বাড়ায়।",False,0.0,0.30508474576271183,0.0,0.0,0.0,0.0,0.62552035,0.6299825,0.6277435
951,agriculture,সুপারি সম্পর্কে বীজতলার মাটিতে বালুর পরিমাণ প্রসঙ্গে উৎসে কী বলা হয়েছে?,বীজতলার মাটিতে বালুর পরিমাণ কম থাকলে কিছু ভিটি বালু মিশিয়ে নিলে ভাল হয়।,বীজতলার মাটিতে বালুর পরিমাণ কম থাকলে কিছু ভিটি বালু মিশিয়ে নিলে ভাল হয়।,False,1.0,1.0,1.0,1.0,1.0,1.0,1.0,1.0,1.0
952,agriculture,পানিকচুর লতি সংগ্রহের সময়সীমা কী?,চারা লাগানোর ২ মাস পর থেকে ৫ মাস পর্যন্ত লতি সংগ্রহ করা যায়।,লতি সংগ্রহ করার সময়: চারা লাগানোর ২ মাস পর থেকে ৫ মাস পর্যন্ত।,False,0.0,0.9557522123893806,0.8461538461538461,0.8461538461538461,0.75,0.6923076923076923,0.902628,0.91022974,0.9064129
953,agriculture,চীনাবাদাম সম্পর্কে বপনের মৌসুম ও সময় বিষয়ে কী বলা হয়েছে?,মৌসুমে ফাল্গুন থেকে চৈত্র (মার্চ থেকে এপ্রিল) ও খরিফ-২ মৌসুম শ্রাবণ থেকে ভাদ্র (জুলাই থেকে আগস্ট) মাসে বীজ বপন করতে হয়।,রবি ও খরিফ উভয় মৌসুমে চাষাবাদ করা যায়।,False,0.0,0.5,0.19999999999999998,0.19999999999999998,0.07142857142857142,0.13333333333333333,0.7788768,0.70455825,0.7398559
954,agriculture,সুপারির উপযুক্ত রোপণের সময় কোনটি?,সাধারণতঃ মে থেকে সেপ্টেম্বর মাস পর্যন্ত চারা রোপণ করা যায়।,মে থেকে সেপ্টেম্বর মাস পর্যন্ত চারা রোপণ করা যায়।,False,0.0,1.0,0.9473684210526316,0.9473684210526316,0.9411764705882353,0.9473684210526316,0.9706193,0.9462354,0.9582723
955,agriculture,আলু কখন বা কীভাবে সংগ্রহ করতে হবে?,"শুষ্ক, উজ্জ্বল ও ভাল আবহাওয়াতে আলু উত্তোলন করতে হবে।","শুষ্ক, উজ্জ্বল ও ভাল আবহাওয়াতে আলু উত্তোলন করতে হবে।",False,1.0,1.0,1.0,1.0,1.0,1.0,1.0,0.99999994,0.99999994
956,agriculture,মসুর পাতা ঝলসানো রোগ চাষে কী পরিমাণ ফলন পাওয়া যায়?,এ প্রযুক্তি ব্যবহার করে কৃষক মাঠে উন্নত জাতের মসুর (বারি মসুর-৮) চাষ করলে হেক্টরপ্রতি ১৮০০-২০০০ কেজি ফলন পাওয়া সম্ভব।,হেক্টরপ্রতি ১৮০০-২০০০ কেজি ফলন পাওয়া যায়।,False,0.0,0.9367088607594937,0.42857142857142855,0.42857142857142855,0.3846153846153846,0.42857142857142855,0.90753394,0.70996034,0.7966805
957,agriculture,কফি সম্পর্কে সাধারনত উচ্চতার মাস বিষয়ে কী বলা হয়েছে?,সাধারনত ৩০-৪০ সে.মি. উচ্চতার ৬-৭ মাস বয়সের চারা রোপণ করা উত্তম।,সাধারনত ৩০-৪০ সে.মি. উচ্চতার ৬-৭ মাস বয়সের চারা রোপণ করা উত্তম।,False,1.0,1.0,1.0,1.0,1.0,1.0,1.0,1.0000001,1.0000001
958,agriculture,বারি সুপারি-২ জাতের একটি খোসাসহ শুকনা সুপারির ওজন কত?,খোসা সহ একক শুকনা সুপারির গড় ওজন ১৪.০৭ গ্রাম।,খোসা সহ একক শুকনা সুপারির গড় ওজন ১৪.০৭ গ্রাম।,False,1.0,1.0,1.0,1.0,1.0,1.0,1.0,1.0,1.0
959,agriculture,"বারি সোলার টানেল ড্রায়ার দৈর্ঘ্য, প্রস্থ বা উচ্চতার মাপ কী?","লম্বা ৩২০০ মিমি, চওড়া ১২০০মিমি, উচ্চতা ৭২০ মিমি।","লম্বা ৩২০০ মিমি, চওড়া ১২০০ মিমি, উচ্চতা ৭২০ মিমি।",False,0.0,0.9487179487179488,0.823529411764706,0.823529411764706,0.6666666666666666,0.823529411764706,0.9877192,0.9849692,0.98634225
960,agriculture,বারি কফি-১ চাষে কী পরিমাণ ফলন পাওয়া যায়?,কফির জাত বারি কফি-১ উচ্চ ফলনশীল (গাছ প্রতি গড় ফলন ৭.৯৪ কেজি) ও নিয়মিত ফলদানকারী।,গাছ প্রতি ফলন ৭.৯৪ কেজি।,False,0.0,1.0,0.5217391304347826,0.5217391304347826,0.38095238095238093,0.5217391304347826,0.89569986,0.74117285,0.8111424
961,agriculture,বারি চিনা-২-এর গাছ কতটা লম্বা হয়?,গাছের উচ্চতা ৮২-৮৪ সে.মি.।,গাছের উচ্চতা ৮২-৮৪ সে.মি.।,False,1.0,1.0,1.0,1.0,1.0,1.0,0.99999994,0.99999994,0.99999994
962,agriculture,চুইঝাল সম্পর্কে পলিব্যাগ উৎপাদিত চারা পরবর্তীতে প্রসঙ্গে উৎসে কী বলা হয়েছে?,পলিব্যাগ উৎপাদিত চারা পরবর্তীতে মূল জমিতে রোপণ করা হয়।,পলিব্যাগ উৎপাদিত চারা পরবর্তীতে মূল জমিতে রোপণ করা হয়।,False,1.0,1.0,1.0,1.0,1.0,1.0,1.0000001,1.0000001,1.0000001
963,agriculture,বারি পানিকচু-৮-এর লতির সংখ্যা ও গড় ওজন সম্পর্কে কী তথ্য আছে?,"প্রতিটি লতির গড় ওজন ৭০ গ্রাম, দৈর্ঘ্য প্রায় ৫০ সেমি এবং ব্যাস ২ সেমি।",লতির গড় সংখ্যা ২৪টি এবং গড় ওজন ৮০০ গ্রাম।,False,0.0,0.7333333333333333,0.43478260869565216,0.43478260869565216,0.1904761904761905,0.34782608695652173,0.8720522,0.7764319,0.82146883
964,agriculture,চিনার আগাছা দমন সম্পর্কে কী নির্দেশনা আছে?,ক্ষেতে আগাছা জন্মালে তা নিড়ানী দিয়ে তুলে ফেলা দরকার।,আগাছা দমন: ক্ষেতে আগাছা জন্মালে তা নিড়ানী দিয়ে তুলে ফেলতে হবে।,False,0.0,0.8842105263157894,0.7000000000000001,0.7000000000000001,0.6666666666666665,0.7000000000000001,0.868277,0.8971058,0.882456
965,agriculture,সুপারি চাষের জন্য উপযুক্ত মাটির পিএইচ কত?,মাটির পিএইচ মান ৫.৫-৬.০ এর মধ্যে হলে সবচেয়ে ভাল হয়।,পিএইচ ৫.৫-৬.০ এর মধ্যে হলে সবচেয়ে ভাল হয়।,False,0.0,1.0,0.9166666666666666,0.9166666666666666,0.8181818181818182,0.9166666666666666,0.9476208,0.9059593,0.92632186
966,agriculture,গম-পাট-রোপা আমন ফসল বিন্যাস বিষয়ে রোপা আমন জমি আগাছামুক্ত রাখার সময় সম্পর্কে কী তথ্য আছে?,রোপা আমন: আমন ধানের জমি ৩০ থেকে ৪০ দিন পর্যন্ত আগাছামুক্ত রাখতে হবে।,রোপা আমন: আমন ধানের জমি ৩০ থেকে ৪০ দিন পর্যন্ত আগাছামুক্ত রাখতে হবে।,False,1.0,1.0,1.0,1.0,1.0,1.0,0.99999994,0.99999994,0.99999994
967,agriculture,চিনার ফসল সংগ্রহের নির্দেশনা কী?,জাতটি ৯৬-১০৫ দিনে ফসল সংগ্রহ উপযোগী হয়।,জাতটি ৯৬-১০৫ দিনে ফসল সংগ্রহ উপযোগী হয়।,False,1.0,1.0,1.0,1.0,1.0,1.0,0.9999999,0.9999999,0.9999999
968,agriculture,চিয়ার উপযুক্ত বপনের সময় কোনটি?,নভেম্বর মাসের ২য় থেকে ৩য় সপ্তাহ বীজ বপনের উপযুক্ত সময়।,নভেম্বর মাসের ২য় থেকে ৩য় সপ্তাহ।,False,0.0,1.0,0.7499999999999999,0.7499999999999999,0.7142857142857143,0.7499999999999999,0.93117726,0.81590027,0.8697356
969,agriculture,পানিকচু চাষে কতদিন বা কত মাস পর্যন্ত আগাছা নিয়ন্ত্রণে রাখতে হবে?,চারা লাগানোর পর থেকে ৩ মাস পর্যন্ত জমিতে আগাছা জন্মাতে পারে।,পানিকচুর জমি সবসময় আগাছামুক্ত রাখতে হবে।,False,0.0,0.4242424242424242,0.0,0.0,0.0,0.0,0.7220463,0.7041592,0.7129906
970,agriculture,পালংশাকের কম্পোস্ট ব্যবস্থাপনার প্রযুক্তির উপযোগিতা সম্পর্কে কী বলা হয়েছে?,"অঞ্চল: কৃষি পরিবেশ অঞ্চল-২৮, এলাকা: গাজীপুর, মৌসুম: রবি।","অঞ্চল: কৃষি পরিবেশ অঞ্চল-২৮, এলাকা: গাজীপুর, মৌসুম: রবি।",False,1.0,1.0,1.0,1.0,1.0,1.0,0.9999999,0.9999999,0.9999999
971,agriculture,বেগুনের সাথে পেঁয়াজ ও রসুন আন্তঃফসল প্রযুক্তি কোথায় বা কোন ক্ষেত্রে উপযোগী?,"প্রযুক্তিটি কুষ্টিয়া, ফরিদপুর, যশোর, পাবনা, জামালপুর, বগুড়া এবং রংপুর জেলায় প্রয়োগ করা যেতে পারে।","প্রযুক্তিটি কুষ্টিয়া, ফরিদপুর, যশোর, পাবনা, জামালপুর, বগুড়া এবং রংপুর জেলায় প্রয়োগ করা যেতে পারে।",False,1.0,1.0,1.0,1.0,1.0,1.0,0.9999999,0.9999999,0.9999999
972,agriculture,বারি কফি-১ বিষয়ে বাগানভেদে চারার সংখ্যা সম্পর্কে কী তথ্য আছে?,ফল বাগানের ভিতরে বা বাণিজ্যিকভাবে কফি উৎপাদনের ক্ষেত্রে চারা সংখ্যা কম বেশি হয়ে থাকে।,বারি কফি-১ জাতটি বাগানের ভিতরে বা বাণিজ্যিকভাবে কফি উৎপাদনের ক্ষেত্রে চারা সংখ্যা কম হয়ে থাকে।,False,0.0,0.9506172839506174,0.7999999999999999,0.7999999999999999,0.7142857142857142,0.7999999999999999,0.89750886,0.94107866,0.9187775
973,agriculture,ছাদ বাগানের স্মার্ট সেচ সম্পর্কে খুব সহজেই সেচ বিষয়ে কী বলা হয়েছে?,খুব সহজেই সেচ সিডিউল এবং সেচের পানির পরিমাণ ডিজিটাল পদ্ধতিতে বা স্মার্ট মাধ্যমে নিয়ন্ত্রণ করা যায়।,খুব সহজেই সেচ সিডিউল এবং সেচের পানির পরিমাণ ডিজিটাল পদ্ধতিতে বা স্মার্ট মাধ্যমে নিয়ন্ত্রণ করা যায়।,False,1.0,1.0,1.0,1.0,1.0,1.0,1.0,1.0,1.0
974,agriculture,কাঁঠালের সার প্রয়োগ সম্পর্কে কী বলা হয়েছে?,চারা রোপণের পর গাছের সুষ্ঠু বৃদ্ধির জন্য গাছের বয়স ও চাহিদা মাফিক নিয়মিত সার প্রয়োগ করা আবশ্যক।,গাছের সুষ্ঠু বৃদ্ধির জন্য গাছের বয়স ও চাহিদা মাফিক নিয়মিত সার প্রয়োগ করতে হবে।,False,0.0,0.935251798561151,0.7741935483870968,0.7741935483870968,0.7586206896551724,0.7741935483870968,0.96174306,0.9060349,0.9330582
975,agriculture,টমেটোর সমন্বিত আগাছা ব্যবস্থাপনা চাষের জন্য উপযুক্ত মাটির পিএইচ কত?,মাটির পিএইচ ৬-৭ হলে ভালো হয়।,মাটির পিএইচ ৬-৭ হলে ভালো হয়।,False,1.0,1.0,1.0,1.0,1.0,1.0,0.9999999,0.9999999,0.9999999
976,agriculture,চিনার আগাছা ব্যবস্থাপনায় কী করতে বলা হয়েছে?,ক্ষেতে আগাছা জন্মালে তা নিড়ানী দিয়ে তুলে ফেলা দরকার।,ক্ষেতে আগাছা জন্মালে তা নিড়ানী দিয়ে তুলে ফেলা দরকার।,False,1.0,1.0,1.0,1.0,1.0,1.0,1.0,1.0,1.0
977,agriculture,সুপারি: বীজতলা উত্তর দক্ষিণে লম্বা প্রসঙ্গে কী তথ্য আছে?,বীজতলা উত্তর দক্ষিণে লম্বা হলে ভালো হয়।,বীজতলা উত্তর দক্ষিণে লম্বা হলে ভালো হয়।,False,1.0,1.0,1.0,1.0,1.0,1.0,1.0000001,1.0000001,1.0000001
978,agriculture,আলুর ফসল সংগ্রহের নির্দেশনা কী?,"শুষ্ক, উজ্জ্বল ও ভাল আবহাওয়াতে আলু উত্তোলন করতে হবে।","শুষ্ক, উজ্জ্বল ও ভাল আবহাওয়াতে আলু উত্তোলন করতে হবে।",False,1.0,1.0,1.0,1.0,1.0,1.0,1.0,0.99999994,0.99999994
979,agriculture,বারি কফি-১ বিষয়ে পাকা অবস্থায় লাল সম্পর্কে কী তথ্য আছে?,পাকা অবস্থায় ফল লাল বর্ণ ধারণ করে।,ফলের রং লাল বর্ণ ধারণ করে।,False,0.0,0.8095238095238095,0.6153846153846153,0.6153846153846153,0.5454545454545454,0.6153846153846153,0.888147,0.8469339,0.86705095
980,agriculture,অড়হর সার প্রয়োগ সম্পর্কে কী বলা হয়েছে?,সার ব্যবস্থাপনা: অড়হর ফসলে তেমন একটা সারের প্রয়োজন হয় না।,অড়হর ফসলে তেমন একটা সারের প্রয়োজন হয় না।,False,0.0,1.0,0.888888888888889,0.888888888888889,0.8750000000000001,0.888888888888889,0.95379084,0.89075136,0.92119384
981,agriculture,চিয়ার সারের মাত্রা সম্পর্কে কী তথ্য আছে?,"সার ব্যবস্থাপনা: ইউরিয়া: ১৫০ কেজি/হেক্টর, মিউরেট অব পটাশ: ৬০ কেজি/হেক্টর, টিএসপি: ৮০ কেজি/হেক্টর।","ইউরিয়া: ১৫০ কেজি/হেক্টর, মিউরেট অব পটাশ: ৬০ কেজি/হেক্টর, টিএসপি: ৮০ কেজি/হেক্টর।",False,0.0,1.0,0.9333333333333333,0.9333333333333333,0.9285714285714286,0.9333333333333333,0.96652657,0.9215116,0.9434824
982,agriculture,বারি মেটে আলু-৪-এর শুষ্ক পদার্থের পরিমাণ কত?,শুষ্ক পদার্থের পরিমাণ ২৯.৯৪ ± ১।,শুষ্ক পদার্থের পরিমাণ ২৯.৯৪ ± ১।,False,1.0,1.0,1.0,1.0,1.0,1.0,1.0,1.0,1.0
983,agriculture,চীনাবাদাম বিষয়ে বপনের মৌসুম ও সময় সম্পর্কে কী তথ্য আছে?,মৌসুমে ফাল্গুন থেকে চৈত্র (মার্চ থেকে এপ্রিল) ও খরিফ-২ মৌসুম শ্রাবণ থেকে ভাদ্র (জুলাই থেকে আগস্ট) মাসে বীজ বপন করতে হয়।,রবি ও খরিফ উভয় মৌসুমে চাষাবাদ করা যায়।,False,0.0,0.5,0.19999999999999998,0.19999999999999998,0.07142857142857142,0.13333333333333333,0.7788768,0.70455825,0.7398559
984,agriculture,কফি বিষয়ে সাধারনত উচ্চতার মাস সম্পর্কে কী তথ্য আছে?,সাধারনত ৩০-৪০ সে.মি. উচ্চতার ৬-৭ মাস বয়সের চারা রোপণ করা উত্তম।,সাধারনত ৩০-৪০ সে.মি. উচ্চতার ৬-৭ মাস বয়সের চারা রোপণ করা উত্তম।,False,1.0,1.0,1.0,1.0,1.0,1.0,1.0000001,1.0000001,1.0000001
985,agriculture,সয়াবিন-রোপা আউশ-রোপা আমন ফসল বিন্যাস চাষে কী পরিমাণ ফলন পাওয়া যায়?,তিন ফসল ভিত্তিক উন্নত এ ফসল বিন্যাসে আউশ মৌসুমে ব্রি ধান৪৮ অন্তর্ভুক্ত করায় ধানের সমতুল্য ফলন ১২.৬৫ টন/হেক্টর/বছর পাওয়া গেছে যা প্রচলিত ফসল বিন্যাসের চেয়ে ৫৬% বেশি।,আউশ মৌসুমে ব্রি ধানুর ফলন ১২.৬৫ টন/হেক্টর/বছর যা প্রচলিত ফসল বিন্যাসের চেয়ে ৫৬% বেশি।,False,0.0,0.9629629629629629,0.6808510638297872,0.6808510638297872,0.5777777777777777,0.6808510638297872,0.91998184,0.8227322,0.8686436
986,agriculture,লটকন চাষে গাছের গোড়া থেকে কত দূরে সার প্রয়োগ করতে হবে?,চারার বৃদ্ধি পর্যায়ে সার এবং গোবর গাছের গোড়া থেকে ১.০-১.৫ মিটার দূরে প্রয়োগ করতে হবে এবং মাটির সাথে মিশিয়ে দিতে হবে।,গাছের গোড়া থেকে ১.০-১.৫ মিটার দূরে সার প্রয়োগ করতে হবে।,False,0.0,1.0,0.7027027027027027,0.7027027027027027,0.5714285714285714,0.6486486486486487,0.9450106,0.83957523,0.8891783
987,agriculture,সুপারির মাটির পিএইচ সম্পর্কে কী বলা হয়েছে?,মাটির পিএইচ মান ৫.৫-৬.০ এর মধ্যে হলে সবচেয়ে ভাল হয়।,মাটির পিএইচ মান ৫.৫-৬.০ এর মধ্যে হলে সবচেয়ে ভাল হয়।,False,1.0,1.0,1.0,1.0,1.0,1.0,1.0000002,1.0000002,1.0000002
988,agriculture,মসুর পাতা ঝলসানো রোগের ফলন কত?,এ প্রযুক্তি ব্যবহার করে কৃষক মাঠে উন্নত জাতের মসুর (বারি মসুর-৮) চাষ করলে হেক্টরপ্রতি ১৮০০-২০০০ কেজি ফলন পাওয়া সম্ভব।,হেক্টরপ্রতি ১৮০০-২০০০ কেজি ফলন পাওয়া যায়।,False,0.0,0.9367088607594937,0.42857142857142855,0.42857142857142855,0.3846153846153846,0.42857142857142855,0.90753394,0.70996034,0.7966805
989,agriculture,টমেটোর সমন্বিত আগাছা ব্যবস্থাপনার মাটির পিএইচ সম্পর্কে কী বলা হয়েছে?,মাটির পিএইচ ৬-৭ হলে ভালো হয়।,মাটির পিএইচ ৬-৭ হলে ভালো হয়।,False,1.0,1.0,1.0,1.0,1.0,1.0,0.9999999,0.9999999,0.9999999
990,agriculture,কাঁঠালের বীজ থেকে চারা গজাতে কতদিন লাগে?,ভাল পাকা কাঁঠাল থেকে পুষ্ট বড় বীজ বের করে ছাই মাখিয়ে ২/৩ দিন ছায়ায় শুকিয়ে বীজতলায় বপন করলে ২০-২৫ দিনে চারা গজাবে।,২০-২৫ দিনে চারা গজায় বলে যাওয়া যায়।,False,0.0,0.576923076923077,0.25,0.25,0.2,0.25,0.832433,0.705484,0.7637189
991,agriculture,চীনাবাদাম বিষয়ে বেলে দো-আঁশ মাটির সুবিধা সম্পর্কে কী তথ্য আছে?,বেলে দো-আঁশ মাটিতে সহজে শিকড় ও পেগ মাটিতে প্রবেশ করতে পারে বিধায় চীনাবাদাম অধিক ফলন দেয়।,বেলে দো-আঁশ মাটিতে সহজে শিকড় ও পেগ মাটিতে প্রবেশ করতে পারে বিধায় চীনাবাদাম অধিক ফলন দেয়।,False,1.0,1.0,1.0,1.0,1.0,1.0,1.0,1.0,1.0
992,agriculture,চীনাবাদাম চাষ বা সংগ্রহের জন্য কেমন আবহাওয়া উপযোগী?,শুষ্ক আবহাওয়া পরিপক্কতা ও কর্তনের জন্য দরকার হয় তবে বিশেষ করে ফুল ও পেগ গঠনের সময় জমিতে রসের অভাব হলে ফলন অনেকটা কম হয়।,শুষ্ক আবহাওয়া পরিপক্কতা ও কর্তনের জন্য দরকার হয় তবে বিশেষ করে ফুল ও পেগ গঠনের সময় জমিতে রসের অভাব হলে ফলন অনেকটা কম হয়।,False,1.0,1.0,1.0,1.0,1.0,1.0,1.0,1.0,1.0
993,agriculture,ঝাড়শিম কীভাবে রোপণ করতে হবে?,সরাসরি জমিতে লাইন করে বীজ বুনতে হয়।,সরাসরি জমিতে লাইন করে বীজ বুনতে হবে।,False,0.0,0.942857142857143,0.8571428571428571,0.8571428571428571,0.8333333333333334,0.8571428571428571,0.9647224,0.9647224,0.9647224
994,agriculture,চুইঝাল বিষয়ে গাছের গোড়া সম্পর্কে কী তথ্য আছে?,সার দেয়ার সময় গাছের গোড়ায় মাটি হালকা করে কুপিয়ে দিতে হয় এবং সেচ প্রদান করতে হবে।,গাছের গোড়া মাটি হালকা করে কুপ খোড়া উপযোগী।,False,0.0,0.6349206349206349,0.3333333333333333,0.3333333333333333,0.18181818181818182,0.3333333333333333,0.8134433,0.77079713,0.7915463
995,agriculture,চুইঝালের বংশবিস্তার সম্পর্কে কী তথ্য আছে?,চুইঝালের বংশবিস্তার বীজ ও লতার/শাখার মাধ্যমে হয়ে থাকে।,বংশবিস্তার বীজ ও লতার/শাখার মাধ্যমে হয়ে থাকে।,False,0.0,1.0,0.9411764705882353,0.9411764705882353,0.9333333333333333,0.9411764705882353,0.9699102,0.90512854,0.9364003
996,agriculture,বারি আলু-১০১ কতদিনে পরিপক্ব হয়?,৯০-৯৫ দিনে আলু পরিপক্কতা লাভ করে।,৯০-৯৫ দিনে আলু পরিপক্ক হয়।,False,0.0,0.7931034482758621,0.6153846153846153,0.6153846153846153,0.5454545454545454,0.6153846153846153,0.9349798,0.9144738,0.9246131
997,agriculture,আলুর শাঁস ও চোখ সম্পর্কে কী তথ্য আছে?,"শাঁসের রং ক্রিম, চোখ অগভীর আলুতে সমভাবে বিন্যস্ত।",আলুর শাঁসের রং ক্রিম এবং চোখ অগভীর আলুতে সমভাবে বিন্যস্ত।,False,0.0,1.0,0.888888888888889,0.888888888888889,0.75,0.888888888888889,0.95743823,0.9691478,0.96325743
998,agriculture,চর এলাকায় বিনা চাষে পেঁয়াজের আগাছা ব্যবস্থাপনায় কী করতে বলা হয়েছে?,এ পদ্ধতিতে ভেজা বা আর্দ্র মাটিতে লোহার তৈরি নিড়ানী দিয়ে আচড়া দেওয়া হয়।,চর এলাকায় পেঁয়াজ বীজ বপনের ২০-২৫ দিনের মধ্যে আগাছা দমনের ব্যবস্থা নিতে হবে।,False,0.0,0.38666666666666666,0.0,0.0,0.0,0.0,0.68413526,0.7127479,0.6981485
999,agriculture,মাঠের ইঁদুর ব্যবস্থাপনা সম্পর্কে মারাত্মক আক্রমণে পাতা বিষয়ে কী বলা হয়েছে?,মারাত্মক আক্রমণে পাতা শুকিয়ে মারা যায়।,পাতা শুকিয়ে মারা যায়।,False,0.0,1.0,0.8,0.8,0.7499999999999999,0.8,0.9438704,0.8036448,0.8681315
1000,agriculture,কাসাভা বিষয়ে কন্দ সংগ্রহের সময় সম্পর্কে কী তথ্য আছে?,চারা রোপণের ৭ মাস পর থেকে কাসাভা গাছ থেকে কন্দ সংগ্রহ করা যায়।,চারা রোপণের ৭ মাস পর থেকে কাসাভা গাছ থেকে কন্দ সংগ্রহ করা যায়।,False,1.0,1.0,1.0,1.0,1.0,1.0,0.9999999,0.9999999,0.9999999
