id,question,gold,prediction,truncated,Exact Match,Fuzzy Match,Token F1,ROUGE-1,ROUGE-2,ROUGE-L,BERT Precision,BERT Recall,BERT F1
801,চুইঝাল সম্পর্কে গাছের গোড়া বিষয়ে কী বলা হয়েছে?,সার দেয়ার সময় গাছের গোড়ায় মাটি হালকা করে কুপিয়ে দিতে হয় এবং সেচ প্রদান করতে হবে।,"গাছের গোড়া সবুজ, গাঢ় সবুজ।",False,0.0,0.3846153846153846,0.09523809523809523,0.09523809523809523,0.0,0.09523809523809523,0.74243754,0.68695986,0.71362215
802,পানিকচুর বন্যাপ্রবণ জায়গায় চারা লাগানোর সময় কী?,যে সব জায়গা বন্যার পানিতে তলিয়ে যাবার সম্ভাবনা আছে সেখানে কার্তিক মাসেই চারা লাগানো ভালো।,চারা রোপণের এক মাস পর আগাম মাসে চারা রোপণ করতে হবে।,False,0.0,0.4148148148148148,0.07692307692307691,0.07692307692307691,0.0,0.07692307692307691,0.73804957,0.66501015,0.6996288
803,সুপারি: বীজতলার মাটিতে বালুর পরিমাণ প্রসঙ্গে কী তথ্য আছে?,বীজতলার মাটিতে বালুর পরিমাণ কম থাকলে কিছু ভিটি বালু মিশিয়ে নিলে ভাল হয়।,"বীজতলার মাটিতে বালুর পরিমাণ প্রশাখাশীল, নিচু ও পুংকেশ বর্ণের।",False,0.0,0.627906976744186,0.3636363636363637,0.3636363636363637,0.3,0.3636363636363637,0.76259863,0.7926741,0.77734554
804,মুখীকচু সম্পর্কে ডাবল সারি পদ্ধতির রোপণ দূরত্ব বিষয়ে কী বলা হয়েছে?,ডাবল সারি পদ্ধতিতে রোপণ দূরত্ব: ৭৫ সেমি × ৬০ সেমি।,ডাবল সারি পদ্ধতিতে রোপণ দূরত্ব ২৫ সে.মি. (মাটি থেকে মাটির মধ্যে ২ সেমি)।,False,0.0,0.9210526315789473,0.5217391304347826,0.5217391304347826,0.380952380952381,0.5217391304347826,0.84900224,0.91023093,0.87855107
805,কফির মাটি ও জমি নির্বাচন সম্পর্কে কী বলা হয়েছে?,বাণিজ্যিকভাবে কফি চাষ করে অধিক ফলনের জন্য কমপক্ষে ৩% জৈব পদার্থ সমৃদ্ধ উর্বর মাটি বেছে নিতে হবে।,কফি উৎপাদন প্রযুক্তি জমি নির্বাচন ও ভাল ফলন পেতে পারে না।,False,0.0,0.37333333333333335,0.07142857142857142,0.07142857142857142,0.0,0.07142857142857142,0.73481905,0.70357,0.718855
806,মটরশুটির পটাশিয়াম সার ব্যবস্থাপনা চাষের অর্থনৈতিক ফলাফল সম্পর্কে কী বলা হয়েছে?,"তিন বৎসরের গবেষণায় প্রতীয়মান হয়েছে, রবি মৌসুমে হেক্টরপ্রতি ৩৭,৭৭৮ টাকা খরচ করে প্রায় ১,৫৯,৭২২ টাকার সবুজ শুঁটি এবং প্রায় ৫৮,২২২ টাকার বীজ উৎপাদন করা যায়।",পটাশিয়াম সার ভিত্তিক সমন্বিত সার ব্যবস্থাপনায় নিট মুনাফা পরিলক্ষিত হয়।,False,0.0,0.29245283018867924,0.0,0.0,0.0,0.0,0.65440756,0.6028383,0.6275653
807,চিয়া কখন বপন করা উচিত?,নভেম্বর মাসের ২য় থেকে ৩য় সপ্তাহ বীজ বপনের উপযুক্ত সময়।,চিয়া গাছের ফলন খরচ কাল এবং উচ্চতা অনুযায়ী বাণিজ্যিক প্রকারে চারা রোপণের সময় হয়ে থাকে।,False,0.0,0.4027777777777778,0.08,0.08,0.0,0.08,0.6721945,0.6535452,0.6627387
808,কফির রং-সংক্রান্ত বৈশিষ্ট্য কী?,গাঢ় লাল রঙের রোগ মুক্ত ফল হাত দিয়ে বেছে বেছে সংগ্রহ করতে হবে।,"কফির রং সাদা, বাদামী, হলুদ, গোলাপী এবং বর্ণচলনের সব ধরনের জন্য উপযুক্ত।",False,0.0,0.3709677419354838,0.0,0.0,0.0,0.0,0.6785992,0.7018237,0.6900161
809,মরিচের সাথে পাতা জাতীয় সবজি আন্তঃফসল সাধারণত কতদিনে জীবনচক্র সম্পন্ন করে?,মরিচ একটি দীর্ঘ মেয়াদী ফসল এবং সারি থেকে সারির দূরত্ব বেশি হওয়ায় স্বল্প জীবনকালীন পাতা জাতীয় সবজি (৩০-৩৫ দিন) অতি সহজেই আন্তঃফসল হিসাবে চাষ করা হয়।,মরিচ: একটি জাত জৈব পদার্থের বিস্তৃত সমন্বয় থাকে যা কুয়াশাকারী বীজ হিসাবে ব্যবহার করা হয়।,False,0.0,0.5042016806722689,0.23809523809523808,0.23809523809523808,0.1,0.23809523809523808,0.7146595,0.66611695,0.689535
810,বেগুনের সাথে পেঁয়াজ ও রসুন আন্তঃফসলের প্রযুক্তির উপযোগিতা সম্পর্কে কী বলা হয়েছে?,"প্রযুক্তিটি কুষ্টিয়া, ফরিদপুর, যশোর, পাবনা, জামালপুর, বগুড়া এবং রংপুর জেলায় প্রয়োগ করা যেতে পারে।",বেগুনের সারি থেকে সারির দূরত্ব বেশি হওয়ায় এর মাঝে অতি সহজেই পেঁয়াজ এবং রসুন জমিতে প্রয়োগ করা যায়।,False,0.0,0.4489795918367347,0.1875,0.1875,0.06666666666666667,0.1875,0.6913576,0.69030726,0.690832
811,মরিচের আবহাওয়া সম্পর্কে কী বলা হয়েছে?,মোটামুটি ভাবে ঠান্ডা ও শুষ্ক আবহাওয়া মরিচ চাষের উপযোগী।,মরিচের আবহাওয়া মধ্যম উঁচু এবং মাঝারি মাঝারি শাখা দ্বারা প্রতিফলিত হয়।,False,0.0,0.4745762711864407,0.09999999999999999,0.09999999999999999,0.0,0.09999999999999999,0.73466384,0.73569447,0.73517877
812,মাঠের ইঁদুর ব্যবস্থাপনা বিষয়ে মারাত্মক আক্রমণে পাতা সম্পর্কে কী তথ্য আছে?,মারাত্মক আক্রমণে পাতা শুকিয়ে মারা যায়।,পাতা সম্পন্ন মাঠের ইঁদুর তৈরির জন্য উপযুক্ত।,False,0.0,0.36585365853658536,0.15384615384615383,0.15384615384615383,0.0,0.15384615384615383,0.71481097,0.7232476,0.7190045
813,লটকনের চারা উৎপাদন ও পরিচর্যায় কী নির্দেশনা আছে?,চারা রোপণ করার ১৫-২০ দিন পূর্বে ৬০ সেমি × ৬০ সেমি × ৬০ সেমি আকারের গর্ত করতে হবে।,লটকন একটি প্রজাতি যার গাছ সবুজ এবং বীজ খোসামুক্ত।,False,0.0,0.3518518518518519,0.0,0.0,0.0,0.0,0.6569619,0.6275463,0.6419173
814,মরিচের সাথে পাতা জাতীয় সবজি আন্তঃফসলের জীবনকাল কত?,মরিচ একটি দীর্ঘ মেয়াদী ফসল এবং সারি থেকে সারির দূরত্ব বেশি হওয়ায় স্বল্প জীবনকালীন পাতা জাতীয় সবজি (৩০-৩৫ দিন) অতি সহজেই আন্তঃফসল হিসাবে চাষ করা হয়।,মরিচের জন্য সম্পূর্ণ জীবনকাল ২৮০-২৫ দিন এবং পাতা জাতীয় সবজি আন্তঃফসলের জন্য সম্পূর্ণ জীবনকাল ২৫০-২৫০ দিন।,False,0.0,0.5178571428571428,0.22222222222222224,0.22222222222222224,0.0930232558139535,0.22222222222222224,0.75190806,0.7052867,0.72785157
815,আলুর শাঁসের রং ও চোখের বৈশিষ্ট্য কেমন?,"শাঁসের রং ক্রিম, চোখ অগভীর আলুতে সমভাবে বিন্যস্ত।",শাঁসের দিকে গাঢ় সবুজ বর্ণের হয় এবং চোখ গাঢ় হলুদ বর্ণের।,False,0.0,0.45652173913043476,0.2105263157894737,0.2105263157894737,0.0,0.2105263157894737,0.7267855,0.73199046,0.7293787
816,জোয়ার চাষে বপন বা রোপণের দূরত্ব কত?,বীজ বপনের দূরত্ব: সারি থেকে সারি ৬০ সেমি. এবং গাছ থেকে গাছের দূরত্ব ২০ সেমি.।,সারিতে জোয়ার রোপণ করতে সারি থেকে সারির দূরত্ব ২৫ সে.মি. এবং গাছ হতে গাছের দূরত্ব ১০ সে.মি করে রাখতে হবে।,False,0.0,0.7407407407407408,0.3783783783783784,0.3783783783783784,0.17142857142857143,0.3243243243243243,0.8051312,0.84709495,0.8255801
817,মরিচের রং বা বর্ণ কেমন?,দ্বিস্তর বিশিষ্ট পলিথিন ব্যাগ ও টিনের পাত্রের মধ্যে পলিথিন দিয়ে তার ভিতর মরিচ রাখলে মরিচের রং গুণগত মান খুব ভাল থাকে।,মরিচের রং গাঢ় সবুজ বর্ণের।,False,0.0,0.5142857142857143,0.15384615384615385,0.15384615384615385,0.08333333333333334,0.15384615384615385,0.66850626,0.6399187,0.6539002
818,মরিচের বীজ শোধনের নির্দেশনা কী?,বপনের পূর্বে অটোস্টিন (২ গ্রাম/কেজি বীজ) দিয়ে বীজ শোধন করে নিতে হবে।,বীজকে সহজে শোধন করা যায়।,False,0.0,0.3953488372093023,0.1111111111111111,0.1111111111111111,0.0,0.1111111111111111,0.8205531,0.71608526,0.76476806
819,কফি চাষের জন্য কী ধরনের মাটি বা জমি উপযোগী?,বাণিজ্যিকভাবে কফি চাষ করে অধিক ফলনের জন্য কমপক্ষে ৩% জৈব পদার্থ সমৃদ্ধ উর্বর মাটি বেছে নিতে হবে।,কফি চাষের জন্য উর্বর ও গভীর মাটি প্রয়োজন হয়।,False,0.0,0.59375,0.30769230769230765,0.30769230769230765,0.0,0.30769230769230765,0.80095565,0.72987676,0.76376605
820,বারি সুপারি-১ জাতের একটি খোসাসহ শুকনা সুপারির ওজন কত?,খোসা সহ একক শুকনা সুপারির গড় ওজন ১৩.৫৪ গ্রাম।,খোসা সহ শুকনা সুপারির গড় ওজন ৪৪.৬৯ গ্রাম।,False,0.0,0.9210526315789473,0.7368421052631577,0.7368421052631577,0.47058823529411764,0.7368421052631577,0.98039275,0.9623767,0.97130114
821,চিয়া চাষে কোন সার কত পরিমাণে দিতে হবে?,"সার ব্যবস্থাপনা: ইউরিয়া: ১৫০ কেজি/হেক্টর, মিউরেট অব পটাশ: ৬০ কেজি/হেক্টর, টিএসপি: ৮০ কেজি/হেক্টর।","চিয়ার জন্য সাধারণত পটাশিয়াম সার বা কম্পোস্ট, লোমবেশ সার ব্যবহার করা হয়।",False,0.0,0.4148148148148148,0.07142857142857144,0.07142857142857144,0.0,0.07142857142857144,0.6862458,0.6268373,0.6551976
822,বার্লি সারিতে বপন করলে প্রতি হেক্টরে কত বীজ লাগে?,সারিতে বপনকৃত জমিতে হেক্টরপ্রতি ৬০ কেজি বীজ বপন করতে হবে।,সারি প্রতি ২০ কেজি বীজ এবং বীজ প্রয়োগ প্রতি ১ হেক্টরে ৭০০০টি করে বীজ বপন করতে হবে।,False,0.0,0.6612903225806451,0.37037037037037035,0.37037037037037035,0.32,0.37037037037037035,0.8140472,0.81533945,0.8146928
823,বারি ঝাড়শীম-৪ বিষয়ে গাছপ্রতি পডের সংখ্যা ও ওজন সম্পর্কে কী তথ্য আছে?,প্রতি গাছে পডের সংখ্যা প্রায় ১৮ টি ও গড় ওজন ২২৮.২৬ গ্রাম।,গাছপ্রতি পডের সংখ্যা ৩০০ টি এবং ওজন ১০০ গ্রাম।,False,0.0,0.7184466019417477,0.4545454545454546,0.4545454545454546,0.1,0.4545454545454546,0.8783031,0.8710284,0.87465066
824,কাসাভার ফসল সংগ্রহের নির্দেশনা কী?,কাণ্ড থেকে কাটিং সংগ্রহ করার পর কাটিংগুলিকে একত্রিত করে পলিথিন ব্যাগে মুড়িয়ে ছায়াযুক্ত স্থানে ৩ থেকে ৫ দিন রেখে দিলে স্প্রাউটিং তাড়াতাড়ি হয়।,বীজ রোপণের ১২-১৫ দিন পর কাসাভা সংগ্রহ করা যায়।,False,0.0,0.44067796610169496,0.18181818181818182,0.18181818181818182,0.0,0.06060606060606061,0.76706225,0.6963,0.7299703
825,মাঠের ইঁদুর ব্যবস্থাপনা বিষয়ে গোবরের বল শুকানোর সময় সম্পর্কে কী তথ্য আছে?,গোবরের বল গুলোকে ২ দিন পর্যন্ত শুকিয়ে ইঁদুর তাড়ানোর কাজে ব্যবহার করা হয়।,গোবরের বল শুকানোর সময় মাঠের ইঁদুর রোপণের আগে হালকা বুনটে ভালভাবে ঝাঁঝরা করে শুকাতে হয়।,False,0.0,0.5341614906832298,0.28571428571428575,0.28571428571428575,0.07692307692307691,0.28571428571428575,0.7818591,0.79432553,0.788043
826,চর এলাকায় বিনা চাষে পেঁয়াজ সম্পর্কে চারা প্রতিষ্ঠিত হওয়া পর্যন্ত আর্দ্রতা বিষয়ে কী বলা হয়েছে?,পেঁয়াজের চারা মাটিতে প্রতিষ্ঠিত না হওয়া পর্যন্ত জমিতে পর্যাপ্ত আর্দ্রতা নিশ্চিত করতে হবে।,চারা বা বীজ আলাদা করে নিতে সক্ষম এবং একদিনে একটি চারা পেঁয়াজ বীজ ঝাঁঝরা দিয়ে ভালভাবে কাটিয়ে আর্দ্রতা সহ্য করতে পারে।,False,0.0,0.4824120603015076,0.17647058823529413,0.17647058823529413,0.0,0.17647058823529413,0.73682165,0.7511747,0.7439289
827,কাঁঠালের সার ব্যবস্থাপনায় কী নির্দেশনা আছে?,চারা রোপণের পর গাছের সুষ্ঠু বৃদ্ধির জন্য গাছের বয়স ও চাহিদা মাফিক নিয়মিত সার প্রয়োগ করা আবশ্যক।,বীজ গজানোর পর প্রয়োজনবোধে আলাদা সার প্রয়োগ করতে হবে।,False,0.0,0.4444444444444444,0.23076923076923078,0.23076923076923078,0.08333333333333333,0.23076923076923078,0.7886348,0.73155713,0.75902444
828,পানিকচু বিষয়ে চারা রোপণের গভীরতা সম্পর্কে কী তথ্য আছে?,চারা রোপণের জন্য মাটির গভীরতা হবে ৫-৬ সে.মি.।,চারা রোপণের ৭-৯ দিনের মধ্যে পানিকচু বা বীজ বপনের উপযুক্ত সময় হয়।,False,0.0,0.5,0.17391304347826086,0.17391304347826086,0.09523809523809525,0.17391304347826086,0.74231285,0.72121775,0.73161334
829,মেটে আলুর সার ব্যবস্থাপনায় কী নির্দেশনা আছে?,মেটে আলুতে জৈব সারের ব্যাপক প্রভাব রয়েছে।,সার প্রয়োগ: বীজ গজানোর পর প্রয়োজনবোধে আলুর সার প্রয়োগ করতে হবে।,False,0.0,0.4946236559139785,0.0,0.0,0.0,0.0,0.70951897,0.7394717,0.72418576
830,ভুট্টা-রোপা আউশ-রোপা আমন ফসলধারার ক্ষতিকর পোকা বা প্রাণী দমনে কী তথ্য আছে?,রোগ বালাই দমন: ভুট্টা: প্রাথমিক পর্যায়ে ভিরতাকো প্রয়োগ করতে হবে স্টেমবোরার পোকা দমনের জন্য।,রোপা আউশ: সেচসহ কিছু ফসফরাস শতকরা অধিক আছে এমন লবণাক্ত জমি তুলে ফসফরাস মিশ্রিত গোবর সার দিয়ে ব্যবহার করা হয় যাতে পোকামাকড়ের আক্রমণ কম হয়।,False,0.0,0.3853211009174312,0.0,0.0,0.0,0.0,0.68099666,0.7012635,0.6909815
831,বারি লটকন-২-এর ফলের বৈশিষ্ট্য কী?,গোলাকৃতি ফলের গড় ওজন ২১.৫৭ গ্রাম।,লটকন এর গাছ কিছুটা খাড়া প্রকৃতির ও ফলন খোসামুক্ত।,False,0.0,0.4146341463414634,0.0,0.0,0.0,0.0,0.67054546,0.65709335,0.6637512
832,সুপারি কখন রোপণ করা উচিত?,সাধারণতঃ মে থেকে সেপ্টেম্বর মাস পর্যন্ত চারা রোপণ করা যায়।,সুপারি চাষ রোপণের সময় মধ্য-জ্যৈষ্ঠ থেকে মধ্য শ্রাবণ (জুন-আগস্ট) মাস।,False,0.0,0.5210084033613446,0.1818181818181818,0.1818181818181818,0.0,0.1818181818181818,0.7346337,0.8062439,0.7687748
833,সয়াবিন-রোপা আউশ-রোপা আমন ফসল বিন্যাসের পোকামাকড় বা ক্ষতিকর প্রাণী ব্যবস্থাপনায় কী বলা হয়েছে?,বিছাপোকার আক্রমণ দেখা দিলে নাইট্রো ৫০৫ ইসি প্রতি লিটার পানিতে ২ মিলি হিসেবে মিশিয়ে স্প্রে মেশিনের মাধ্যমে ছিটিয়ে দিতে হবে।,প্রতিকূল আবহাওয়া ও জমিতে প্রকারভেদে মাটিতে পোকামাকড়ের আক্রমণ ঘটে এমন সহ্যকারী প্রণালী সংগ্রহকাল পর্যাপ্ত নয়।,False,0.0,0.41201716738197425,0.05714285714285715,0.05714285714285715,0.0,0.05714285714285715,0.66960436,0.64520735,0.65717953
834,সুপারি সম্পর্কে বীজতলা উত্তর দক্ষিণে লম্বা প্রসঙ্গে উৎসে কী বলা হয়েছে?,বীজতলা উত্তর দক্ষিণে লম্বা হলে ভালো হয়।,বীজতলা দক্ষিণের ও পূর্বে লম্বা এবং উত্তরের বীজতলার সংখ্যা বেশি।,False,0.0,0.5940594059405941,0.23529411764705882,0.23529411764705882,0.0,0.23529411764705882,0.82769364,0.8351716,0.8314158
835,ছাদ বাগানের স্মার্ট সেচ সম্পর্কে ইন্টারনেট সংযোগের প্রয়োজন বিষয়ে কী বলা হয়েছে?,ওয়াই ফাই নিয়ন্ত্রিত সুইচ ব্যবহার করলে অবশ্যই সেচ পদ্ধতিটি এবং স্মার্ট মোবাইল ফোনে ইন্টারনেট সংযোগ থাকতে হবে।,উপসংহার: এই সুবিধা আছে যে এটি ইন্টারনেট সংযোগের প্রয়োজন হয় না।,False,0.0,0.43274853801169594,0.07142857142857142,0.07142857142857142,0.0,0.07142857142857142,0.73485565,0.70155555,0.7178197
836,চীনাবাদাম চাষে কী পরিমাণ ফলন পাওয়া যায়?,হেক্টরপ্রতি ফলন ২০০০-২৮০০ কেজি।,বীজ বপনের পর ফলের পরিমাণ ৪-৫ টা এবং চাষ মাস মুখর হলে ফলন গড়ে ১.৫-১.৮ টন/হেক্টর।,False,0.0,0.3047619047619048,0.07692307692307693,0.07692307692307693,0.0,0.07692307692307693,0.67501765,0.73747414,0.7048651
837,বারি চুইঝাল-১-এর কাণ্ডের বৈশিষ্ট্য কী?,তিন বছর বয়সী গাছের কাণ্ডের ব্যাস ৬-৮ সে.মি.।,গাছের দৈর্ঘ্য ২০০ সে.মি. এবং উচ্চতা ১৮০ সে.মি.।,False,0.0,0.5185185185185186,0.3,0.3,0.1111111111111111,0.3,0.81054044,0.80377305,0.80714256
838,বারি সুপারি-১-এর খোসাসহ একক শুকনা সুপারির গড় ওজন কত?,খোসা সহ একক শুকনা সুপারির গড় ওজন ১৩.৫৪ গ্রাম।,খোসা সহ একক শুকনা সুপারির গড় ওজন ৩৫.৬৭ গ্রাম।,False,0.0,0.9333333333333332,0.8000000000000002,0.8000000000000002,0.6666666666666666,0.8000000000000002,0.98318934,0.9888926,0.9860328
839,চীনাবাদামের বীজ শোধনের নির্দেশনা কী?,প্রতি কেজি বীজে ২.৫-৩.০ গ্রাম হিসেবে প্রোভেক্স (ছত্রাক নাশক) মিশিয়ে বীজ শোধন করে নেওয়া ভাল।,বীজকে আক্রমণ করে মাটি দিয়ে ভেজা হলে চীনাবাদাম উত্তোলন করতে হবে।,False,0.0,0.4444444444444444,0.06896551724137931,0.06896551724137931,0.0,0.06896551724137931,0.72267914,0.6749253,0.6979864
840,মরিচ চাষে বীজ কীভাবে শোধন করতে হবে?,বপনের পূর্বে অটোস্টিন (২ গ্রাম/কেজি বীজ) দিয়ে বীজ শোধন করে নিতে হবে।,বীজকে রোগবালাই মুক্ত করার জন্য বীজ বপনের আগে বীজ শোধন করা উচিত।,False,0.0,0.5333333333333333,0.32,0.32,0.08695652173913043,0.24000000000000002,0.8133056,0.7508898,0.78085244
841,বারি মুখীকচু-৩-এর গাছপ্রতি মুখীর সংখ্যা এবং ওজন কত?,গাছ প্রতি মুখীর সংখ্যা ২৫-৩০ টি এবং গড় ওজন প্রায় ৮০০ গ্রাম।,প্রতিটি মুখীর সংখ্যা ৩০০ থেকে ৩৫০ দিয়ে মাত্র করে গণনা করা হয়।,False,0.0,0.5901639344262295,0.16,0.16,0.08695652173913043,0.16,0.73838294,0.7435202,0.7409427
842,বারি ডাঁটা-৪ বপন বা রোপণের কতদিন পর ফুল আসে?,বারি ডাঁটা-৪ সারা বছর চাষোপযোগী জাত এবং বীজ বপনের ১০০-১০৫ দিন পর ফুল আসে এবং ১২০ দিন পর কাণ্ডে হালকা আঁশ গঠিত হয়।,ডাঁটার জাত বারি ডাঁটা-৪ এর জন্য সম্পূর্ণ সবুজ হলে কাটার দিন ৩০-৩৫ দিন পর ফুল আসে।,False,0.0,0.6067415730337078,0.41860465116279066,0.41860465116279066,0.24390243902439027,0.32558139534883723,0.80309546,0.7745797,0.7885799
843,জোয়ার সেচ সম্পর্কে কী বলা হয়েছে?,সেচের ব্যবস্থা না থাকলে সমস্ত সার শেষ চাষের সময় প্রয়োগ করা উত্তম।,জোয়ারের বীজ বপনের পর প্রয়োজন মতো পানি সেচ দিলে ভাল ফল পাওয়া যায়।,False,0.0,0.4210526315789474,0.0,0.0,0.0,0.0,0.7170241,0.71605545,0.71653944
844,বারি বার্লি-১০ এক হাজার দানার ওজন কত?,হাজার দানার ওজন ৩৬-৪০ গ্রাম।,হাজার দানার ওজন ১.৫-১.৮ গ্রাম।,False,0.0,0.875,0.5714285714285715,0.5714285714285715,0.3333333333333333,0.5714285714285715,0.9028976,0.9346374,0.9184934
845,পানিকচুর উপযুক্ত মাটির ধরন কী?,পলি দো-আঁশ ও এঁটেল দো-আঁশ মাটি পানিকচু চাষের উপযোগী।,পানিকচুর জমিতে সাধারণত মসৃণ মাটি ও জলাবদ্ধতা সহ্য করতে পারে।,False,0.0,0.3883495145631068,0.1904761904761905,0.1904761904761905,0.0,0.09523809523809525,0.73867905,0.68684894,0.71182173
846,বারি মরিচ-৬-এর ফলের বৈশিষ্ট্য কী?,"বারি মরিচ-৬ কাঁচা অবস্থায় গাঢ় কালচে, ফলের গায়ের পার্শ্বে আংশিক বা সামগ্রিক (মৌসুম ভেদে) কালচে রং থাকে এবং পরিপক্ক অবস্থায় উজ্জ্বল, গাঢ় লাল রং বিশিষ্ট।",ফলের অভ্যন্তরে ছায়ামুক্ত বৃদ্ধি সহজে হজম যোগ্য।,False,0.0,0.29885057471264376,0.060606060606060615,0.060606060606060615,0.0,0.060606060606060615,0.6790238,0.6136806,0.64470077
847,বারি সুপারি-২-এর খোসাসহ একক শুকনা সুপারির গড় ওজন কত?,খোসা সহ একক শুকনা সুপারির গড় ওজন ১৪.০৭ গ্রাম।,খোসা সহ একক শুকনা সুপারির গড় ওজন ৩৪.০০ গ্রাম।,False,0.0,0.9555555555555556,0.8000000000000002,0.8000000000000002,0.6666666666666666,0.8000000000000002,0.98256326,0.9878415,0.98519534
848,পালংশাকের কম্পোস্ট ব্যবস্থাপনার মৌসুম-সংক্রান্ত তথ্য কী?,রবি মৌসুমে প্রতিটি গাছের গোড়ায় সঠিক পরিমাণে পানি পৌঁছানো খুবই গুরুত্বপূর্ণ বিষয় যা আমাদের ব্যস্তময় জীবনে সম্ভব হয় না।,"প্রযুক্তি ব্যবহারের তথ্য: সেচ প্রযুক্তি: বাষ্প সেচ, বীজ সেচ ইউরিয়া ও গাছের পাতা সেচ।",False,0.0,0.36666666666666664,0.06060606060606061,0.06060606060606061,0.0,0.06060606060606061,0.65068257,0.6321213,0.64126766
849,গম-পাট-রোপা আমন ফসল বিন্যাস সম্পর্কে রোপা আমন জমি আগাছামুক্ত রাখার সময় বিষয়ে কী বলা হয়েছে?,রোপা আমন: আমন ধানের জমি ৩০ থেকে ৪০ দিন পর্যন্ত আগাছামুক্ত রাখতে হবে।,রোপা আমন জমি চারা রোপণের ১৫ দিন পর এবং ২০ দিন পর আগাছা দমন করতে হবে।,False,0.0,0.6721311475409837,0.3448275862068966,0.3448275862068966,0.07407407407407407,0.3448275862068966,0.802913,0.80841994,0.8056571
850,গম-পাট-রোপা আমন ফসল বিন্যাসের সেচ ব্যবস্থাপনায় কী নির্দেশনা আছে?,বপনের ১৭-২১ দিন পরে প্রথম সেচ ও দ্বিতীয় সেচ শীষ বের হওয়ার সময় ৫০-৫৫ দিন পর দিতে হবে।,সেচ প্রয়োগ: সার ও পলিথিন বপনের ১৫-২০ দিন পর পাখি ও পলিথিন সেচ করতে হবে।,False,0.0,0.6370370370370371,0.38888888888888884,0.38888888888888884,0.058823529411764705,0.2777777777777778,0.7104155,0.77514917,0.74137187
851,বারি সোলার টানেল ড্রায়ার মাপ বা মাত্রা কত?,"লম্বা ৩২০০ মিমি, চওড়া ১২০০মিমি, উচ্চতা ৭২০ মিমি।",প্রতিটি ড্রায়ার দৈর্ঘ্য ২০ মিটার এবং ব্যাস প্রায় ১.৫ মিটার।,False,0.0,0.3578947368421052,0.0,0.0,0.0,0.0,0.6926049,0.70908254,0.7007469
852,চীনাবাদামের উপযুক্ত মাটির ধরন কী?,ক্যালসিয়াম ও জৈব পদার্থ সমৃদ্ধ বেলে দো-আঁশ মাটি চীনাবাদাম উৎপাদনের জন্য উপযুক্ত।,চীনাবাদাম উৎপাদনের জন্য উর্বর ও গভীর মাটি প্রয়োজন হয়।,False,0.0,0.7142857142857143,0.4545454545454546,0.4545454545454546,0.2,0.27272727272727276,0.81207466,0.74650097,0.7779084
853,বারি কাঁঠাল-৫-এর রং বা বর্ণ কেমন?,ফল সাধারণত সবুজাভ হলুদ রঙের হয়।,উভয় প্রকার কাঁঠালের গোড়ায় সাদা বর্ণের হয় এবং চারা বর্ণের হয় যা মুখের দিকে পরিচর্যা করা হয়।,False,0.0,0.32432432432432434,0.08695652173913045,0.08695652173913045,0.0,0.08695652173913045,0.67347234,0.73237556,0.70168996
854,চীনাবাদাম চাষে বীজ কীভাবে শোধন করতে হবে?,প্রতি কেজি বীজে ২.৫-৩.০ গ্রাম হিসেবে প্রোভেক্স (ছত্রাক নাশক) মিশিয়ে বীজ শোধন করে নেওয়া ভাল।,বীজকে রোগবালাই মুক্ত করার জন্য বীজ বপনের আগে বীজ শোধন করা উচিত।,False,0.0,0.44594594594594594,0.13333333333333333,0.13333333333333333,0.07142857142857142,0.13333333333333333,0.7964865,0.69608825,0.74291074
855,কাসাভা কখন বা কীভাবে সংগ্রহ করতে হবে?,কাণ্ড থেকে কাটিং সংগ্রহ করার পর কাটিংগুলিকে একত্রিত করে পলিথিন ব্যাগে মুড়িয়ে ছায়াযুক্ত স্থানে ৩ থেকে ৫ দিন রেখে দিলে স্প্রাউটিং তাড়াতাড়ি হয়।,বীজ বপনের ৩০-৪০ দিনের মধ্যে কাসাভা সংগ্রহ করা যায়।,False,0.0,0.3894736842105263,0.06060606060606061,0.06060606060606061,0.0,0.06060606060606061,0.75499386,0.6885056,0.7202185
856,মেটে আলু চাষে কী পরিমাণ ফলন পাওয়া যায়?,জাতটির কন্দের গড় ফলন ১১৭.৮ টন/হেক্টর।,হেক্টর প্রতি গড় ফলন ৪০-৪৫ টন।,False,0.0,0.7391304347826088,0.5333333333333333,0.5333333333333333,0.15384615384615383,0.39999999999999997,0.8360446,0.809388,0.82250035
857,কাঁঠালের জলাবদ্ধতা ও পানি নিষ্কাশন সম্পর্কে কী নির্দেশনা আছে?,কাঁঠাল গাছ জলাবদ্ধতা সহ্য করতে পারে না।,কাঁঠাল গাছ জলাবদ্ধতা সহ্য করতে পারে না বিধায় নিচু বা পানি নিষ্কাশন পরিচর্যা করতে হবে।,False,0.0,1.0,0.6363636363636364,0.6363636363636364,0.6,0.6363636363636364,0.79194164,0.95877665,0.8674098
858,পানিকচু সম্পর্কে চারা রোপণের গভীরতা বিষয়ে কী বলা হয়েছে?,চারা রোপণের জন্য মাটির গভীরতা হবে ৫-৬ সে.মি.।,চারা রোপণের ৭-৯ দিনের মধ্যে পানিকচু সরাসরি বন্ধ করা যায়।,False,0.0,0.5050505050505051,0.1904761904761905,0.1904761904761905,0.10526315789473685,0.1904761904761905,0.75020915,0.72570455,0.7377534
859,মাঠের ইঁদুর ব্যবস্থাপনা সম্পর্কে গোবরের বল শুকানোর সময় বিষয়ে কী বলা হয়েছে?,গোবরের বল গুলোকে ২ দিন পর্যন্ত শুকিয়ে ইঁদুর তাড়ানোর কাজে ব্যবহার করা হয়।,গোবরের বল শুকানোর সময় মাঠের ইঁদুর তুলে বপন করতে সাধারণত নাবীর কাঁচা পানি দিয়ে মাটি দিয়ে মিশিয়ে দিতে হবে।,False,0.0,0.5371428571428571,0.18749999999999997,0.18749999999999997,0.06666666666666667,0.18749999999999997,0.7761345,0.7996295,0.7877069
860,অড়হর সারিতে বপন করলে প্রতি হেক্টরে কত বীজ লাগে?,সারিতে বপন করলে প্রতি হেক্টরে ১ কেজি বীজের প্রয়োজন হবে।,অড়হর সারি বরিক পদ্ধতিতে চারা রোপণের সময় প্রতি হেক্টরে ৭০-৮০ কেজি বীজ এবং ৮০ কেজি গোবর লাগানোর উপযোগী হয়।,False,0.0,0.5359477124183006,0.2,0.2,0.07142857142857142,0.2,0.75416106,0.8076911,0.78000873
861,মেটে আলুর সার প্রয়োগ সম্পর্কে কী বলা হয়েছে?,মেটে আলুতে জৈব সারের ব্যাপক প্রভাব রয়েছে।,সার প্রয়োগের কাজ মেটে আলুর বীজ থেকে সম্পন্ন হওয়ায় সাধারণত লাগানোর ৩০-৪০ দিন পর করা যায়।,False,0.0,0.3816793893129771,0.08333333333333333,0.08333333333333333,0.0,0.08333333333333333,0.7101483,0.7776325,0.7423598
862,বারি বার্লি-১০-এর হাজার দানার ওজন কত?,হাজার দানার ওজন ৩৬-৪০ গ্রাম।,হাজার দানার ওজন ১০-১২ গ্রাম।,False,0.0,0.875,0.6666666666666666,0.6666666666666666,0.4000000000000001,0.6666666666666666,0.967307,0.9443566,0.955694
863,বারি ঝাড়শীম-৪ সম্পর্কে গাছপ্রতি পডের সংখ্যা ও ওজন বিষয়ে কী বলা হয়েছে?,প্রতি গাছে পডের সংখ্যা প্রায় ১৮ টি ও গড় ওজন ২২৮.২৬ গ্রাম।,গাছপ্রতি পডের সংখ্যা ৩০০ টি এবং ওজন ১০০ গ্রাম।,False,0.0,0.7184466019417477,0.4545454545454546,0.4545454545454546,0.1,0.4545454545454546,0.8783031,0.8710284,0.87465066
864,অড়হর সার ব্যবস্থাপনায় কী নির্দেশনা আছে?,সার ব্যবস্থাপনা: অড়হর ফসলে তেমন একটা সারের প্রয়োজন হয় না।,অড়হর সার রোপণের কিছু সময় পূর্বেই চারা রোপণের সময় হালকা বাদামী রং ধারণ করতে পারে অথবা কিছু সময় চারা রোপণের পর পূর্বেই সার রোপণ করা যায়।,False,0.0,0.45333333333333337,0.1111111111111111,0.1111111111111111,0.0,0.05555555555555555,0.6708783,0.69718987,0.683781
865,বারি চীনাবাদাম-১২-এর ১০০টি খোসাছাড়া বাদামের ওজন কত?,১০০ বাদামের (খোসা ছাড়া) ওজন ৫৫-৬০ গ্রাম।,খোসাচায়া বাদামের গড় ওজন ১০০ গ্রাম।,False,0.0,0.7945205479452055,0.5714285714285715,0.5714285714285715,0.0,0.42857142857142855,0.8472015,0.81738967,0.8320287
866,মরিচের সেচ ব্যবস্থাপনায় কী নির্দেশনা আছে?,চারা রোপণের পরপর জমিতে পানি সেচ দেওয়ার ব্যবস্থা করতে হবে।,সেচ ব্যবস্থাপনা: প্রতিবার সার দেওয়ার পরে হালকা সেচ দিতে হবে।,False,0.0,0.6428571428571428,0.3,0.3,0.0,0.3,0.7636923,0.7579843,0.76082766
867,বারি কফি-১-এর ফলন কত?,কফির জাত বারি কফি-১ উচ্চ ফলনশীল (গাছ প্রতি গড় ফলন ৭.৯৪ কেজি) ও নিয়মিত ফলদানকারী।,বারি কফি-১ এর ফলন প্রতি প্রাথমিক হালকা বাদামী রং ও গড় ফলন ২.৫-৩.০ টন/হেক্টর।,False,0.0,0.5562913907284769,0.3888888888888889,0.3888888888888889,0.17647058823529413,0.33333333333333337,0.7560512,0.7607968,0.7584166
868,বারি চিনা-২ কীভাবে বপন করতে হবে?,সারিতে বুনলে দু'সারির মাঝে দূরত্ব রাখতে হবে ২০-৩০ সে.মি.।,বীজ রোপণের ১২-১৫ দিন পর সম্পূর্ণ হয়ে সে পর্যন্ত চিনা উপরের অবস্থায় ফসল হিসেবে এবং নীচে মাটি উপরে ফসল হিসেবে বপন করতে হবে।,False,0.0,0.3734939759036145,0.1111111111111111,0.1111111111111111,0.0,0.05555555555555555,0.6583595,0.6428927,0.6505342
869,আলুর টিউবার মথ ব্যবস্থাপনার সংরক্ষণ সম্পর্কে কী নির্দেশনা আছে?,উল্লেখযোগ্য বৈশিষ্ট্য: পোকামাকড় ও রোগমুক্ত টিউবার সংগ্রহ করে ঘরে উত্তম বাতাস চলাচল করে এমন স্থানে আলু সংরক্ষণ করতে হবে।,আলুর সাথে সংগৃহীত টিউবার এবং মথ সংগ্রহ করে পরিপক্ক করে সংগ্রহ করা উচিত।,False,0.0,0.49710982658959535,0.25,0.25,0.06666666666666667,0.25,0.8154588,0.7115375,0.75996184
870,চর এলাকায় বিনা চাষে পেঁয়াজের আগাছা দমন সম্পর্কে কী নির্দেশনা আছে?,এ পদ্ধতিতে ভেজা বা আর্দ্র মাটিতে লোহার তৈরি নিড়ানী দিয়ে আচড়া দেওয়া হয়।,চর এলাকায় পেঁয়াজ বীজ বপনের জন্য বিনা চাষের মামলা হয় না।,False,0.0,0.44274809160305345,0.08333333333333334,0.08333333333333334,0.0,0.08333333333333334,0.69075495,0.7051475,0.69787705
871,পালংশাকের কম্পোস্ট ব্যবস্থাপনা কোন মৌসুমে চাষ করা হয় বা উপযোগী?,রবি মৌসুমে প্রতিটি গাছের গোড়ায় সঠিক পরিমাণে পানি পৌঁছানো খুবই গুরুত্বপূর্ণ বিষয় যা আমাদের ব্যস্তময় জীবনে সম্ভব হয় না।,"মার্চ, মে, আগস্ট এবং নভেম্বর মাসে বাণিজ্যিকভাবে চাষ করা যায়।",False,0.0,0.33519553072625696,0.0,0.0,0.0,0.0,0.62987375,0.61152965,0.6205662
872,বারি লটকন-২-এর ফল সম্পর্কে কী তথ্য আছে?,গোলাকৃতি ফলের গড় ওজন ২১.৫৭ গ্রাম।,লটকন বীজ বপনের ১২-১৫ দিনের মধ্যে ফল সম্পন্ন হয় এবং প্রতি বছর ৭০ কেজি বীজের জমি প্রয়োজন ৮০ কেজি খরচ আসে।,False,0.0,0.27272727272727265,0.0,0.0,0.0,0.0,0.65329343,0.7003876,0.6760213
873,বারি কাসাভা-২-এর কন্দ বা রাইজোমের বৈশিষ্ট্য কী?,টিউবার হালকা বাদামী এবং এর মাংসল ক্রিম বর্ণের হয়।,বারি কাসাভা-২ এর পড ও রাইজোম উভয়ই খাওয়া যায়।,False,0.0,0.3578947368421052,0.10526315789473685,0.10526315789473685,0.0,0.10526315789473685,0.66910225,0.6555106,0.6622367
874,চীনাবাদাম চাষের জন্য কী ধরনের মাটি উপযোগী?,ক্যালসিয়াম ও জৈব পদার্থ সমৃদ্ধ বেলে দো-আঁশ মাটি চীনাবাদাম উৎপাদনের জন্য উপযুক্ত।,চীনাবাদাম চাষের জন্য উর্বর ও গভীর মাটি প্রয়োজন হয়।,False,0.0,0.5833333333333334,0.3636363636363637,0.3636363636363637,0.0,0.18181818181818185,0.7652342,0.71167743,0.73748475
875,জোয়ার সেচ ব্যবস্থাপনায় কী নির্দেশনা আছে?,সেচের ব্যবস্থা না থাকলে সমস্ত সার শেষ চাষের সময় প্রয়োগ করা উত্তম।,সেচ ব্যবস্থাপনা: জোয়ারের প্রায় ৭০% ভালভাবে সেচ প্রয়োগ করা যায়।,False,0.0,0.5760000000000001,0.1818181818181818,0.1818181818181818,0.09999999999999999,0.1818181818181818,0.74251807,0.72051024,0.73134863
876,মরিচের সাথে পাতা জাতীয় সবজি আন্তঃফসলের আগাছা দমন সম্পর্কে কী নির্দেশনা আছে?,আগাছা দমন জমিতে আগাছার পরিমাণের উপর নির্ভর করে নিড়ানী দিতে হবে।,পাতা জাতীয় সবজি: বগার্কৃতি: বীজ বপনের ১০-১২ দিন পর আগাছা দমন করতে হবে।,False,0.0,0.5190839694656488,0.23999999999999996,0.23999999999999996,0.08695652173913043,0.23999999999999996,0.7080865,0.7261688,0.7170136
877,বারি আলু-১০২-এর গাছের উচ্চতা কত?,গাছ মধ্যম উচ্চতা সম্পন্ন ইন্টারমিডিয়েট টাইপ এবং গড়ে ৪-৫টি কাণ্ড থাকে।,গাছ মধ্যম উচ্চতা সম্পন্ন ইন্টারমিডিয়েট টাইপ এবং গড়ে ৩-৫টি কাণ্ড থাকে।,False,0.0,0.9857142857142857,0.9166666666666666,0.9166666666666666,0.8181818181818182,0.9166666666666666,0.99848235,0.99848235,0.99848235
878,বারি ডাঁটা-৪-এর বীজ সংগ্রহের সময় কত?,বীজ উৎপাদনের জন্য বপনের ১৩০-১৫০ দিন পর বীজ সংগ্রহপযোগী হয়।,বীজ গাছের শতকরা ৭-৯ ভাগ বীজ সংগ্রহ করা যায়।,False,0.0,0.4301075268817204,0.1904761904761905,0.1904761904761905,0.0,0.1904761904761905,0.7970967,0.79669887,0.79689777
879,লটকনের সার প্রয়োগের অবস্থান বা দূরত্ব কী?,চারার বৃদ্ধি পর্যায়ে সার এবং গোবর গাছের গোড়া থেকে ১.০-১.৫ মিটার দূরে প্রয়োগ করতে হবে এবং মাটির সাথে মিশিয়ে দিতে হবে।,গাছ থেকে ১০ মিটার দূরে সার প্রয়োগ করতে হবে।,False,0.0,0.9113924050632911,0.42424242424242425,0.42424242424242425,0.19354838709677416,0.36363636363636365,0.8774332,0.7477852,0.807438
880,ছাদ বাগানের স্মার্ট সেচ বিষয়ে খুব সহজেই সেচ সম্পর্কে কী তথ্য আছে?,খুব সহজেই সেচ সিডিউল এবং সেচের পানির পরিমাণ ডিজিটাল পদ্ধতিতে বা স্মার্ট মাধ্যমে নিয়ন্ত্রণ করা যায়।,সেচ ব্যবস্থাপনা পদ্ধতিটি খুব সহজেই করা যায়।,False,0.0,0.676923076923077,0.43478260869565216,0.43478260869565216,0.19047619047619044,0.34782608695652173,0.8046758,0.7168282,0.758216
881,বারি কাঁঠাল-৫-এর রং-সংক্রান্ত বৈশিষ্ট্য কী?,ফল সাধারণত সবুজাভ হলুদ রঙের হয়।,উভয় প্রকার কাঁঠালের গোড়ায় সাদা বর্ণের মাটি ও ছায়াময়র বর্ণের টেক্সার প্রয়োগ করা হয়।,False,0.0,0.3214285714285714,0.1,0.1,0.0,0.1,0.6265867,0.6813917,0.652841
882,ছাদ বাগানের স্মার্ট সেচ বিষয়ে ইন্টারনেট সংযোগের প্রয়োজন সম্পর্কে কী তথ্য আছে?,ওয়াই ফাই নিয়ন্ত্রিত সুইচ ব্যবহার করলে অবশ্যই সেচ পদ্ধতিটি এবং স্মার্ট মোবাইল ফোনে ইন্টারনেট সংযোগ থাকতে হবে।,যেকোনো ইন্টারনেট সংযোগের মাধ্যমে সেচ ব্যবস্থাপনা পরিচালনা করা যাবে।,False,0.0,0.43428571428571433,0.15384615384615383,0.15384615384615383,0.0,0.07692307692307691,0.7671422,0.7285329,0.7473392
883,বন্যার পানিতে তলানোর আশঙ্কা থাকলে পানিকচু চারা কখন লাগানো ভালো?,যে সব জায়গা বন্যার পানিতে তলিয়ে যাবার সম্ভাবনা আছে সেখানে কার্তিক মাসেই চারা লাগানো ভালো।,বন্যার পানিতে তলানোর সঠিক সুবিধা পাওয়া যায় বিধায় চারা তেমন ভাল লাগাতে হবে গাছার তলার দুই পানিতে চারা লাগাতে হবে।,False,0.0,0.5966850828729282,0.17142857142857143,0.17142857142857143,0.06060606060606061,0.17142857142857143,0.7499223,0.7466579,0.74828655
884,লটকনের চারা সম্পর্কে কী তথ্য দেওয়া হয়েছে?,চারা রোপণ করার ১৫-২০ দিন পূর্বে ৬০ সেমি × ৬০ সেমি × ৬০ সেমি আকারের গর্ত করতে হবে।,লটকনের চারা তৈরিকৃত হয় অগ্নিকে মিশে মিশে ভিতরে ভিতরে ভালভাবে পাতায় দিয়ে পাতায় দিতে হয়।,False,0.0,0.40625,0.0625,0.0625,0.0,0.0625,0.6783909,0.6694168,0.673874
885,বারি কাসাভা-২-এর কন্দ বা রাইজোম সম্পর্কে কী বলা হয়েছে?,টিউবার হালকা বাদামী এবং এর মাংসল ক্রিম বর্ণের হয়।,টিউবার ঘন বাদামী এবং এর মাংসল সাদা বর্ণের হয়।,False,0.0,0.9024390243902439,0.7777777777777778,0.7777777777777778,0.5,0.7777777777777778,0.9490413,0.9291284,0.93897927
886,চীনাবাদাম সম্পর্কে বেলে দো-আঁশ মাটির সুবিধা বিষয়ে কী বলা হয়েছে?,বেলে দো-আঁশ মাটিতে সহজে শিকড় ও পেগ মাটিতে প্রবেশ করতে পারে বিধায় চীনাবাদাম অধিক ফলন দেয়।,বেলে দো-আঁশ মাটিতে চীনাবাদামের ছোট ভালো হয়।,False,0.0,0.5901639344262295,0.31999999999999995,0.31999999999999995,0.26086956521739124,0.31999999999999995,0.8643135,0.7684672,0.8135772
887,কাসাভা সম্পর্কে কন্দ সংগ্রহের সময় বিষয়ে কী বলা হয়েছে?,চারা রোপণের ৭ মাস পর থেকে কাসাভা গাছ থেকে কন্দ সংগ্রহ করা যায়।,কন্দ সংগ্রহের সময় মধ্য-জ্যৈষ্ঠ থেকে মধ্য শ্রাবণ পর্যন্ত (মে-আগস্ট) খোসামুক্ত হয়।,False,0.0,0.4580152671755725,0.15384615384615385,0.15384615384615385,0.0,0.07692307692307693,0.6827457,0.71102905,0.6966004
888,বারি অড়হর-১-এর গাছ কতটা লম্বা হয়?,অড়হরের জাত বারি অড়হর-১ বৈশিষ্ট্য গাছ খাড়া ও শক্ত এবং গাছের উচ্চতা ২-৩ মিটার।,গাছের উচ্চতা ২০-২৫ সে.মি.।,False,0.0,0.6666666666666665,0.18181818181818182,0.18181818181818182,0.1,0.18181818181818182,0.7962706,0.7052849,0.7480212
889,পানিকচু চাষের জন্য কী ধরনের মাটি উপযোগী?,পলি দো-আঁশ ও এঁটেল দো-আঁশ মাটি পানিকচু চাষের উপযোগী।,পানিকচুর জন্য উর্বর ও গভীর মাটি প্রয়োজন হয়।,False,0.0,0.45454545454545453,0.2105263157894737,0.2105263157894737,0.0,0.2105263157894737,0.7507436,0.69475335,0.7216641
890,বারি চিয়া ১-এর অবমুক্তি বা অনুমোদনের বছর কী?,২০২৩ সালে বারি চিয়া ১ জাতটি অবমুক্ত করে।,বিশেষ প্রকার জমিতে বারি চিয়া ১ এর জন্য সুবিধাযুক্ত এবং অবমুক্তি প্রয়োজন হয় না।,False,0.0,0.48333333333333334,0.2727272727272727,0.2727272727272727,0.2,0.2727272727272727,0.7234915,0.78939986,0.75501007
891,বারি কফি-১ সম্পর্কে পাকা অবস্থায় লাল বিষয়ে কী বলা হয়েছে?,পাকা অবস্থায় ফল লাল বর্ণ ধারণ করে।,পাকা অবস্থায় লাল বর্ণের হলুদ বাদামী বর্ণের হয় এবং বোঝা যায় এটি ফসলের চাষের জন্য উপযুক্ত।,False,0.0,0.6666666666666665,0.26086956521739124,0.26086956521739124,0.09523809523809522,0.26086956521739124,0.76070905,0.8490028,0.8024344
892,গম-পাট-রোপা আমন ফসল বিন্যাসের সার ব্যবস্থাপনায় কী নির্দেশনা আছে?,পাট: পাট বপনের সময় ইউরিয়া ব্যাতীত অন্যান্য সার শেষ চাষে সমানভাবে ছিটিয়ে মাটির সাথে মিশিয়ে দিতে হবে।,গোপালগঞ্জ ও কৃষি পরিবেশ অঞ্চল-৩ এর অনুরূপ অঞ্চল।,False,0.0,0.24637681159420297,0.0,0.0,0.0,0.0,0.63845134,0.6111936,0.6245251
893,চিনা কখন বা কীভাবে সংগ্রহ করতে হবে?,জাতটি ৯৬-১০৫ দিনে ফসল সংগ্রহ উপযোগী হয়।,বীজ রোপণের ৭০-৭৫ দিন পর চিনা সংগ্রহ করা যায়।,False,0.0,0.4819277108433735,0.11111111111111112,0.11111111111111112,0.0,0.11111111111111112,0.78926295,0.79334134,0.79129684
894,বারি আলু-১০১-এর পরিপক্বতার সময় কত?,৯০-৯৫ দিনে আলু পরিপক্কতা লাভ করে।,আলুর পরিপক্ক হতে ৯০-১২০ দিন সময় লাগে।,False,0.0,0.6666666666666665,0.13333333333333333,0.13333333333333333,0.0,0.13333333333333333,0.8051267,0.8184866,0.81175166
895,অড়হর সারি পদ্ধতিতে বীজের হার কত?,সারিতে বপন করলে প্রতি হেক্টরে ১ কেজি বীজের প্রয়োজন হবে।,হেক্টর প্রতি ১০০ কেজি বা একর প্রতি ৪০ কেজি গড়ে ৭৫ হারে খোসাসহ বীজ বীজের গড় ফলন ৮০ কেজি/হে. এবং হেক্টর প্রতি ১০০ কেজি বা একর প্রতি ৪০ কেজি গড়ে ৫১ হারে খোসাসহ বীজ বীজের গড় ফলন ৮৫ কেজি/হে.,False,0.0,0.5714285714285715,0.11764705882352941,0.11764705882352941,0.0,0.11764705882352941,0.63381493,0.6569498,0.64517504
896,মাঠের ইঁদুর ব্যবস্থাপনা বিষয়ে কোন বিষ ব্যবহার সম্পর্কে কী তথ্য আছে?,কোন বিষ ব্যবহার না করে খুবই কম খরচে ইঁদুর তাড়ানো সম্ভব হবে।,বীজ বপনের পূর্বে মাঠের ইঁদুরের গোড়ায় ঝাঁঝরি দিয়ে বন্ধ করে দিতে হবে।,False,0.0,0.453125,0.16666666666666666,0.16666666666666666,0.0,0.16666666666666666,0.74804807,0.72461855,0.736147
897,জোয়ার বপন বা রোপণে কী দূরত্ব রাখতে হয়?,বীজ বপনের দূরত্ব: সারি থেকে সারি ৬০ সেমি. এবং গাছ থেকে গাছের দূরত্ব ২০ সেমি.।,সারিতে জোয়ার রোপণ ও মাটিতে জোয়ার রোপণ দূরত্ব ২ মিটার এবং ২ এসপি এবং ২ মিটার এবং ২ এসপি এবং ২ মিটার এবং ২ এসপি এবং ২ মিটার এবং ২ মিটার এবং ২ মিটার এবং ২ মিটার এবং ২ মিটার এবং ২ মিটার এবং ২ মিটার এবং ২ মিটার এবং ২ মিটার এবং ২ মিটার এবং ২ মিটার এবং,True,0.0,0.5490196078431372,0.05405405405405406,0.05405405405405406,0.0,0.05405405405405406,0.60909885,0.68919194,0.6466749
898,বারি পানিকচু-৯ বিষয়ে লতির গঠন সম্পর্কে কী তথ্য আছে?,এর লতি তুলনামূলক চিকন এবং লম্বা।,লতি তুলনামূলক মোটা এবং খাটো।,False,0.0,0.7727272727272728,0.5454545454545454,0.5454545454545454,0.22222222222222224,0.5454545454545454,0.88909185,0.84999293,0.8691029
899,কফির রং বা বর্ণ কেমন?,গাঢ় লাল রঙের রোগ মুক্ত ফল হাত দিয়ে বেছে বেছে সংগ্রহ করতে হবে।,কফির রং মোটা বেগুনি বর্ণের হয়।,False,0.0,0.3448275862068965,0.0,0.0,0.0,0.0,0.7157466,0.69751716,0.7065143
900,ভুট্টা-রোপা আউশ-রোপা আমন ফসলধারার পোকামাকড় বা ক্ষতিকর প্রাণী ব্যবস্থাপনায় কী বলা হয়েছে?,রোগ বালাই দমন: ভুট্টা: প্রাথমিক পর্যায়ে ভিরতাকো প্রয়োগ করতে হবে স্টেমবোরার পোকা দমনের জন্য।,রোপা আউশ: স্টেমবোরার পোকা দমনের জন্য ভিরতাকো এবং শীথ ব্লাইট দমনের জন্য বীজবদ্ধ হতে হবে।,False,0.0,0.6785714285714286,0.4137931034482759,0.4137931034482759,0.22222222222222224,0.2758620689655172,0.8011234,0.7952163,0.7981589
901,সয়াবিন-রোপা আউশ-রোপা আমন ফসল বিন্যাস বিষয়ে আউশ আমন ধান সম্পর্কে কী তথ্য আছে?,আউশ/আমন ধান: জমি ৩০-৪০ দিন পর্যন্ত আগাছা মুক্ত রাখতে হবে।,আবার প্রতিনিয়ত ব্যবহার মাত্রা ঠিক না করে প্রথম বীজ গজানোর পর জমিতে আলাদা করে দিতে হবে।,False,0.0,0.46715328467153283,0.07142857142857144,0.07142857142857144,0.0,0.07142857142857144,0.7068153,0.7028264,0.70481515
902,সয়াবিন-রোপা আউশ-রোপা আমন ফসল বিন্যাসের ফলন কত?,তিন ফসল ভিত্তিক উন্নত এ ফসল বিন্যাসে আউশ মৌসুমে ব্রি ধান৪৮ অন্তর্ভুক্ত করায় ধানের সমতুল্য ফলন ১২.৬৫ টন/হেক্টর/বছর পাওয়া গেছে যা প্রচলিত ফসল বিন্যাসের চেয়ে ৫৬% বেশি।,সয়াবিন: হেক্টরপ্রতি ফলন ২.৫-৩.০ টন।,False,0.0,0.3,0.10526315789473685,0.10526315789473685,0.0,0.10526315789473685,0.7393411,0.64941293,0.6914654
903,মরিচের সেচ সম্পর্কে কী বলা হয়েছে?,চারা রোপণের পরপর জমিতে পানি সেচ দেওয়ার ব্যবস্থা করতে হবে।,সেচের ব্যবস্থা থাকলে সারা বছরই বীজ বপন করা যায়।,False,0.0,0.5192307692307692,0.10526315789473685,0.10526315789473685,0.0,0.10526315789473685,0.7723777,0.76900625,0.77068835
904,বারি চিনা-২-এর গাছের উচ্চতা কত?,গাছের উচ্চতা ৮২-৮৪ সে.মি.।,গাছের উচ্চতা ১০-১২ মিটার।,False,0.0,0.7083333333333333,0.3636363636363636,0.3636363636363636,0.22222222222222224,0.3636363636363636,0.9136321,0.8303499,0.87000245
905,বারি আলু-১০৩-এর গাছ কতটা লম্বা হয়?,গাছ মধ্যম উচ্চতাসম্পন্ন ইন্টারমিডিয়েট টাইপ এবং গড়ে ৪-৬টি কাণ্ড থাকে।,গাছ মধ্যম উচ্চতাসম্পন্ন ইন্টারমিডিয়েট টাইপ এবং গড়ে ৩-৫টি কাণ্ড থাকে।,False,0.0,0.9710144927536232,0.8181818181818182,0.8181818181818182,0.7,0.8181818181818182,0.9971623,0.9971623,0.9971623
906,সয়াবিন-রোপা আউশ-রোপা আমন ফসল বিন্যাস সম্পর্কে আউশ আমন ধান বিষয়ে কী বলা হয়েছে?,আউশ/আমন ধান: জমি ৩০-৪০ দিন পর্যন্ত আগাছা মুক্ত রাখতে হবে।,ইউরিয়া অর্ধেক ইউরিয়া সমান তিন সমান ৩ কেজি গোবর বয়স ৩০ বছর আমন ধান বীজ রোপণের ২৫-৩০ দিন সময়ে বীজ হতে লাগে।,False,0.0,0.44755244755244755,0.22857142857142854,0.22857142857142854,0.060606060606060615,0.22857142857142854,0.69364184,0.7504769,0.72094095
907,মটরশুটির পটাশিয়াম সার ব্যবস্থাপনার আয়-ব্যয় বা মুনাফা সম্পর্কে কী তথ্য আছে?,"তিন বৎসরের গবেষণায় প্রতীয়মান হয়েছে, রবি মৌসুমে হেক্টরপ্রতি ৩৭,৭৭৮ টাকা খরচ করে প্রায় ১,৫৯,৭২২ টাকার সবুজ শুঁটি এবং প্রায় ৫৮,২২২ টাকার বীজ উৎপাদন করা যায়।","আর্থিক ফলন বৃদ্ধি পেতে পারেনা, বিশেষ করে পটাশিয়াম সার ব্যবহারের জন্য না হলেও নালাগুলোর সাথে ব্যবহারের জন্য সমৃদ্ধি সহজ হয়।",False,0.0,0.35856573705179284,0.04081632653061224,0.04081632653061224,0.0,0.04081632653061224,0.63756937,0.6046172,0.6206562
908,মরিচের সাথে পাতা জাতীয় সবজি আন্তঃফসলের আগাছা ব্যবস্থাপনায় কী করতে বলা হয়েছে?,আগাছা দমন জমিতে আগাছার পরিমাণের উপর নির্ভর করে নিড়ানী দিতে হবে।,প্রতিকূল আবহাওয়ায় দোআঁশ বা কম্পোস্ট একদিনে আগাছা দমনে প্রয়োজন হয়।,False,0.0,0.44274809160305345,0.09523809523809525,0.09523809523809525,0.0,0.09523809523809525,0.6983828,0.73188233,0.7147402
909,চীনাবাদামের আবহাওয়া সম্পর্কে কী বলা হয়েছে?,শুষ্ক আবহাওয়া পরিপক্কতা ও কর্তনের জন্য দরকার হয় তবে বিশেষ করে ফুল ও পেগ গঠনের সময় জমিতে রসের অভাব হলে ফলন অনেকটা কম হয়।,বীজ বপনের পর চারা ঘন হলে চারার বাহু দিয়ে চাষ শুরু করে প্রতিটি বাহুর মাটি দিয়ে মিশিয়ে ভালভাবে চাষ দিতে হবে।,False,0.0,0.4205607476635514,0.08888888888888889,0.08888888888888889,0.0,0.044444444444444446,0.6573167,0.6570446,0.6571806
910,বারি চিনা-২-এর বপন পদ্ধতি সম্পর্কে কী বলা হয়েছে?,সারিতে বুনলে দু'সারির মাঝে দূরত্ব রাখতে হবে ২০-৩০ সে.মি.।,বীজ বপনের ৩০-৩৫ দিনের মধ্যে ফল উত্তোলন শুরু হয় এবং ৩০ হতে ৩৫ দিন পর চিনা খাওয়া যায়।,False,0.0,0.3582089552238806,0.06451612903225808,0.06451612903225808,0.0,0.06451612903225808,0.6487775,0.6188731,0.63347256
911,কাঁঠাল চাষে পানি জমে থাকা নিয়ে কী বলা হয়েছে?,কাঁঠাল গাছ জলাবদ্ধতা সহ্য করতে পারে না।,কাঁঠালের জন্য মাটি ও জলাবদ্ধতা সহ্য করার জন্য উচ্চ আবহাওয়া ও জলাবদ্ধতা সহ্য করতে হবে।,False,0.0,0.6666666666666665,0.27272727272727276,0.27272727272727276,0.2,0.27272727272727276,0.78970194,0.8353957,0.81190646
912,চুইঝাল কীভাবে বংশবিস্তার করা হয়?,চুইঝালের বংশবিস্তার বীজ ও লতার/শাখার মাধ্যমে হয়ে থাকে।,বংশবিস্তার: চুইঝালের সারি থেকে সারির দূরত্বের সাথে সাথে গাছের বংশবিস্তার ঘটনার সময় চারা তুলে যাতে বংশবিস্তারের ঘটনার সংগ্রহকাল হয়।,False,0.0,0.5205479452054794,0.14285714285714285,0.14285714285714285,0.0,0.14285714285714285,0.70617265,0.77432483,0.73868006
913,বারি মেটে আলু-৪-এর শুষ্ক পদার্থ সম্পর্কে কী তথ্য আছে?,শুষ্ক পদার্থের পরিমাণ ২৯.৯৪ ± ১।,শুষ্ক পদার্থ ২৮.৫৭ ± ১ এবং হালকা বেগুনী রং এর।,False,0.0,0.5833333333333334,0.25,0.25,0.0,0.25,0.7756643,0.83239526,0.80302906
914,সুপারি সম্পর্কে গোবর ও রাসায়নিক সার বিষয়ে কী বলা হয়েছে?,সেপ্টেম্বর মাসে প্রথম বার রাসায়নিক সার প্রয়োগের সময়ে (বছরে একবার) সম্পূর্ণ গোবর/কম্পোস্ট সার প্রয়োগ করতে হবে।,"গোবর সার ও রাসায়নিক সার উভয়ই ব্যবহার করা যাবে না সুতরাং, পডের বীজ বপনের সময় এমন নির্দিষ্ট সময় পর্যন্ত সে সকল জাতের সার ও গোবর সার বিষয়ে ভিএসএস মাত্রা নিষ্কাশন করা উচিত।",False,0.0,0.5060240963855421,0.16326530612244897,0.16326530612244897,0.0425531914893617,0.16326530612244897,0.71342075,0.73377216,0.72345334
915,চুইঝাল: পলিব্যাগ উৎপাদিত চারা পরবর্তীতে প্রসঙ্গে কী তথ্য আছে?,পলিব্যাগ উৎপাদিত চারা পরবর্তীতে মূল জমিতে রোপণ করা হয়।,পলিব্যাগ উৎপাদিত চারা পরবর্তীতে বীজ বপনের জন্য ব্যবহার হয়।,False,0.0,0.7865168539325842,0.5555555555555556,0.5555555555555556,0.375,0.5555555555555556,0.8928765,0.8827599,0.8877894
916,বারি ডাঁটা-৪-এর ফুল আসার সময় সম্পর্কে কী তথ্য আছে?,বারি ডাঁটা-৪ সারা বছর চাষোপযোগী জাত এবং বীজ বপনের ১০০-১০৫ দিন পর ফুল আসে এবং ১২০ দিন পর কাণ্ডে হালকা আঁশ গঠিত হয়।,ডাঁটার ফুল গাঢ় হলুদ বর্ণের হয় এবং সমভাবে ডাঁটার গাছের ফুল আসার সময় প্রতি গাছে ফুলের সংখ্যা জাত অনুযায়ী হয়ে থাকে।,False,0.0,0.49275362318840576,0.17391304347826086,0.17391304347826086,0.0,0.08695652173913043,0.70708454,0.6817315,0.69417655
917,পানিকচু চারা লাগানোর কত মাস পর থেকে কত মাস পর্যন্ত লতি সংগ্রহ করা যায়?,চারা লাগানোর ২ মাস পর থেকে ৫ মাস পর্যন্ত লতি সংগ্রহ করা যায়।,লতি সংগ্রহ করার জন্য পানিকচু চারা লাগার সময় বেশি থাকে।,False,0.0,0.6,0.2608695652173913,0.2608695652173913,0.09523809523809525,0.17391304347826086,0.82498825,0.7909605,0.8076161
918,মাঠের ইঁদুর ব্যবস্থাপনা সম্পর্কে কোন বিষ ব্যবহার বিষয়ে কী বলা হয়েছে?,কোন বিষ ব্যবহার না করে খুবই কম খরচে ইঁদুর তাড়ানো সম্ভব হবে।,বিষ ব্যবহারের প্রয়োজন হয় না।,False,0.0,0.45454545454545453,0.23529411764705882,0.23529411764705882,0.0,0.23529411764705882,0.7961931,0.72775203,0.76043576
919,বারি অড়হর-১-এর গাছের উচ্চতা কত?,অড়হরের জাত বারি অড়হর-১ বৈশিষ্ট্য গাছ খাড়া ও শক্ত এবং গাছের উচ্চতা ২-৩ মিটার।,গাছের গড় উচ্চতা ১০-১২ মিটার।,False,0.0,0.782608695652174,0.2727272727272727,0.2727272727272727,0.0,0.2727272727272727,0.8410159,0.7014619,0.7649259
920,গম-পাট-রোপা আমন ফসল বিন্যাসের সার প্রয়োগ সম্পর্কে কী বলা হয়েছে?,পাট: পাট বপনের সময় ইউরিয়া ব্যাতীত অন্যান্য সার শেষ চাষে সমানভাবে ছিটিয়ে মাটির সাথে মিশিয়ে দিতে হবে।,সম্পূর্ণ গোবর সার প্রয়োগ: চারা রোপণের ১০-১২ দিন পর সার দিয়ে মাটি বন্ধ করে দিতে হবে।,False,0.0,0.4772727272727273,0.17647058823529413,0.17647058823529413,0.0625,0.17647058823529413,0.72639126,0.7434507,0.734822
921,বারি মরিচ-৬-এর ফল সম্পর্কে কী তথ্য আছে?,"বারি মরিচ-৬ কাঁচা অবস্থায় গাঢ় কালচে, ফলের গায়ের পার্শ্বে আংশিক বা সামগ্রিক (মৌসুম ভেদে) কালচে রং থাকে এবং পরিপক্ক অবস্থায় উজ্জ্বল, গাঢ় লাল রং বিশিষ্ট।",হেক্টর প্রতি গড় ফলন ৪০-৪৫ টন যা অনুকূল পরিবেশে বাংলাদেশের সর্বোচ্চ ফলনশীল সবলা মরিচ হিসাবে বোরণ করা হয়।,False,0.0,0.38095238095238093,0.044444444444444446,0.044444444444444446,0.0,0.044444444444444446,0.66306096,0.6226835,0.64223826
922,সয়াবিন-রোপা আউশ-রোপা আমন ফসল বিন্যাসের ক্ষতিকর পোকা বা প্রাণী দমনে কী তথ্য আছে?,বিছাপোকার আক্রমণ দেখা দিলে নাইট্রো ৫০৫ ইসি প্রতি লিটার পানিতে ২ মিলি হিসেবে মিশিয়ে স্প্রে মেশিনের মাধ্যমে ছিটিয়ে দিতে হবে।,সয়াবিন: প্রথম বারে পোকা দমনের ব্যবস্থা রাখা বন্ধ করা উচিত।,False,0.0,0.3111111111111111,0.0,0.0,0.0,0.0,0.7034352,0.6592036,0.68060154
923,বারি অড়হর-১-এর ১০০ বীজের ওজন কত?,১০০ বীজের ওজন ১১-১২ গ্রাম এবং ফলন প্রতি হেক্টরে প্রায় ১.৫-১.৮ টন।,বীজের ওজন ১০০ গ্রাম।,False,0.0,1.0,0.4,0.4,0.1111111111111111,0.3,0.86692125,0.7328664,0.79427725
924,পানিকচুর আগাছা ব্যবস্থাপনার গুরুত্বপূর্ণ সময় কত?,চারা লাগানোর পর থেকে ৩ মাস পর্যন্ত জমিতে আগাছা জন্মাতে পারে।,চারা রোপণের ১৫-২০ দিন পর একবার ও ৩০-৪৫ দিন পর দ্বিতীয়বার নিড়ানি দিতে হবে।,False,0.0,0.42857142857142855,0.14814814814814814,0.14814814814814814,0.0,0.14814814814814814,0.6934763,0.71650267,0.7048015
925,বারি চুইঝাল-১-এর কাণ্ড সম্পর্কে কী তথ্য আছে?,তিন বছর বয়সী গাছের কাণ্ডের ব্যাস ৬-৮ সে.মি.।,গাছের দৈর্ঘ্য ২০০ সে.মি. এবং যুক্তরাশ ১.৫ মি. যার কাণ্ড হালকা বাদামী রং এর।,False,0.0,0.48214285714285715,0.23076923076923075,0.23076923076923075,0.08333333333333334,0.23076923076923075,0.7289648,0.81577456,0.7699305
926,বারি অড়হর-১ একশটি বীজের ওজন কত?,১০০ বীজের ওজন ১১-১২ গ্রাম এবং ফলন প্রতি হেক্টরে প্রায় ১.৫-১.৮ টন।,অড়হর-১ এর বীজের আকার বেশি হওয়ায় খোসামুক্ত হলে ১০ কেজি বীজের আবহাওয়া করা হয়।,False,0.0,0.45588235294117646,0.12903225806451615,0.12903225806451615,0.0,0.06451612903225808,0.67904466,0.66426367,0.67157286
927,মুখীকচু বিষয়ে ডাবল সারি পদ্ধতির রোপণ দূরত্ব সম্পর্কে কী তথ্য আছে?,ডাবল সারি পদ্ধতিতে রোপণ দূরত্ব: ৭৫ সেমি × ৬০ সেমি।,ডাবল সারি পদ্ধতিতে রোপণ দূরত্ব ২৫ সে.মি. (মাটি থেকে মাটির মধ্যে ২ সেমি)।,False,0.0,0.9210526315789473,0.5217391304347826,0.5217391304347826,0.380952380952381,0.5217391304347826,0.8490023,0.91023093,0.8785511
928,বারি পানিকচু-৮-এর প্রতি গাছে লতির সংখ্যা ও ওজন কত?,"প্রতিটি লতির গড় ওজন ৭০ গ্রাম, দৈর্ঘ্য প্রায় ৫০ সেমি এবং ব্যাস ২ সেমি।","প্রতিটি লতির গড় ওজন ১০ গ্রাম, দৈর্ঘ্য ৫৭ সে.মি. এবং ব্যাস প্রায় ১.০ সে.মি.।",False,0.0,0.9007633587786259,0.5806451612903226,0.5806451612903226,0.3448275862068966,0.5161290322580646,0.87812847,0.93117213,0.9038727
929,চর এলাকায় বিনা চাষে পেঁয়াজ বিষয়ে চারা প্রতিষ্ঠিত হওয়া পর্যন্ত আর্দ্রতা সম্পর্কে কী তথ্য আছে?,পেঁয়াজের চারা মাটিতে প্রতিষ্ঠিত না হওয়া পর্যন্ত জমিতে পর্যাপ্ত আর্দ্রতা নিশ্চিত করতে হবে।,চারা বিনা কাটার মাধ্যমে আর্দ্রতা সম্পন্ন।,False,0.0,0.49056603773584906,0.21052631578947367,0.21052631578947367,0.0,0.21052631578947367,0.7941944,0.74848896,0.77066463
930,বারি পানিকচু-৯ সম্পর্কে লতির গঠন বিষয়ে কী বলা হয়েছে?,এর লতি তুলনামূলক চিকন এবং লম্বা।,লতি তুলনামূলক মোটা এবং খাটো।,False,0.0,0.7727272727272728,0.5454545454545454,0.5454545454545454,0.22222222222222224,0.5454545454545454,0.88909185,0.84999293,0.8691029
931,সুপারি বিষয়ে গোবর ও রাসায়নিক সার সম্পর্কে কী তথ্য আছে?,সেপ্টেম্বর মাসে প্রথম বার রাসায়নিক সার প্রয়োগের সময়ে (বছরে একবার) সম্পূর্ণ গোবর/কম্পোস্ট সার প্রয়োগ করতে হবে।,গোবর সালফেট ও রাসায়নিক সার মাটিতে সবচেয়ে ভালভাবে প্রয়োগ করা যায়।,False,0.0,0.5591397849462365,0.2857142857142857,0.2857142857142857,0.07692307692307693,0.21428571428571427,0.79486835,0.7545008,0.7741588
932,মরিচ চাষ বা সংগ্রহের জন্য কেমন আবহাওয়া উপযোগী?,মোটামুটি ভাবে ঠান্ডা ও শুষ্ক আবহাওয়া মরিচ চাষের উপযোগী।,মরিচ চাষের সময় মে-জুন মাসের শুরু থেকে মাস পর্যন্ত আবহাওয়া করা যায়।,False,0.0,0.5528455284552846,0.27272727272727276,0.27272727272727276,0.1,0.18181818181818185,0.7646824,0.7374335,0.7508108
933,বারি চিয়া ১ কোন সালে অবমুক্ত বা অনুমোদিত হয়েছে?,২০২৩ সালে বারি চিয়া ১ জাতটি অবমুক্ত করে।,বিশ্ব বিপাক যুক্তি অনুসরণ করে বাংলাদেশে এই জাতটি চিয়া এর সুবিধাযুক্ত এবং অমুক্ত হওয়ায় ২০ ফেব্রুয়ারী থেকে ২০ নভেম্বর মাসের শুরু থেকে শেষ পর্যন্ত (বারি চিয়া ১ এর জন্য সালে) চাষ উপযুক্ত হয়।,False,0.0,0.8059701492537313,0.2926829268292683,0.2926829268292683,0.10256410256410256,0.14634146341463414,0.6631186,0.78706545,0.71979517
934,মরিচের রং-সংক্রান্ত বৈশিষ্ট্য কী?,দ্বিস্তর বিশিষ্ট পলিথিন ব্যাগ ও টিনের পাত্রের মধ্যে পলিথিন দিয়ে তার ভিতর মরিচ রাখলে মরিচের রং গুণগত মান খুব ভাল থাকে।,মরিচ গাছের বৃদ্ধির সময় বৃদ্ধির রং গাঢ় হলুদ বর্ণের হয়।,False,0.0,0.3949044585987261,0.12903225806451613,0.12903225806451613,0.0,0.12903225806451613,0.67751133,0.67320967,0.67535365
935,বারি আলু-১০২-এর গাছ কতটা লম্বা হয়?,গাছ মধ্যম উচ্চতা সম্পন্ন ইন্টারমিডিয়েট টাইপ এবং গড়ে ৪-৫টি কাণ্ড থাকে।,গাছ মধ্যম উচ্চতাসম্পন্ন ইন্টারমিডিয়েট টাইপ এবং গড়ে ৩-৫টি কাণ্ড থাকে।,False,0.0,0.9784172661870504,0.7826086956521738,0.7826086956521738,0.5714285714285713,0.7826086956521738,0.9920088,0.9920088,0.9920088
936,বারি চীনাবাদাম-১২ ১০০ বাদামের ওজন কত?,১০০ বাদামের (খোসা ছাড়া) ওজন ৫৫-৬০ গ্রাম।,১২টি বাদাম যার মোট ওজন ১২০ কেজি এবং বাদামের অবস্থান প্রতি ওজন ৮ গ্রাম।,False,0.0,0.6181818181818182,0.2727272727272727,0.2727272727272727,0.0,0.2727272727272727,0.79626924,0.77002454,0.78292704
937,বারি ডাঁটা-৪-এর বীজ কখন সংগ্রহ করা যায়?,বীজ উৎপাদনের জন্য বপনের ১৩০-১৫০ দিন পর বীজ সংগ্রহপযোগী হয়।,ডাঁটার বীজ সাধারণ তাপমাত্রা যুক্ত অগভীর ডাঁটা চাষের সময় নিড়ানী বপন করতে হয়।,False,0.0,0.3816793893129771,0.16666666666666669,0.16666666666666669,0.0,0.16666666666666669,0.7107105,0.719375,0.71501654
938,বারি পাটের আঁশ ছাড়ানো যন্ত্র আয়-ব্যয় বা মুনাফা সম্পর্কে কী তথ্য আছে?,"মূল্য: ৯০,০০০.০০ টাকা (ইঞ্জিন ছাড়া)।",পাটের আঁশ বিক্রি করার জন্য একটি পাটের চারা রোপণের পর একটি বীজ দিয়ে মাটি সমান করে ভালভাবে রোপণ করলে কাণ্ড ও বীজ দেখা যায় এবং পাটের চারা গজানোর পর জমিতে প্রয়োগ করলে আঁশ পরিপক্ক হয়।,False,0.0,0.19318181818181812,0.0,0.0,0.0,0.0,0.59437287,0.5977368,0.5960501
939,বারি আলু-১০৩-এর গাছের উচ্চতা কত?,গাছ মধ্যম উচ্চতাসম্পন্ন ইন্টারমিডিয়েট টাইপ এবং গড়ে ৪-৬টি কাণ্ড থাকে।,গাছ মধ্যম উচ্চতা সম্পন্ন ইন্টারমিডিয়েট টাইপ এবং গড়ে ৩-৫টি কাণ্ড থাকে।,False,0.0,0.9640287769784173,0.6956521739130435,0.6956521739130435,0.47619047619047616,0.6956521739130435,0.99103534,0.99103534,0.99103534
940,বার্লি সারি পদ্ধতিতে বীজের হার কত?,সারিতে বপনকৃত জমিতে হেক্টরপ্রতি ৬০ কেজি বীজ বপন করতে হবে।,সারি পদ্ধতিতে গাছে বীজের হার ২-৩ কেজি।,False,0.0,0.4946236559139785,0.11111111111111112,0.11111111111111112,0.0,0.11111111111111112,0.77761036,0.73745716,0.75700164
941,ঝাড়শিমের রোপণ পদ্ধতি সম্পর্কে কী বলা হয়েছে?,সরাসরি জমিতে লাইন করে বীজ বুনতে হয়।,প্রথমে বীজ বপনের উপযুক্ত সময় নির্ধানে সহায়তা করে ফসলের বীজ ও খাটো টিএসহিড্রেট বাদ দিয়ে ঝাড়শিম রোপণ করতে হবে।,False,0.0,0.35211267605633806,0.15384615384615385,0.15384615384615385,0.0,0.15384615384615385,0.69344455,0.7468029,0.71913534
942,মেটে আলুর ফলন কত?,জাতটির কন্দের গড় ফলন ১১৭.৮ টন/হেক্টর।,হেক্টর প্রতি গড় ফলন ৩৪.৮২ টন যা অনুকূল পরিবেশে বাংলাদেশের আবহাওয়ায় সর্বোচ্চ ৪০ টন পর্যন্ত হয়।,False,0.0,0.6296296296296297,0.31999999999999995,0.31999999999999995,0.08695652173913043,0.24,0.74419165,0.8028971,0.7724306
943,আলুর টিউবার মথ ব্যবস্থাপনা কীভাবে সংরক্ষণ করতে হবে?,উল্লেখযোগ্য বৈশিষ্ট্য: পোকামাকড় ও রোগমুক্ত টিউবার সংগ্রহ করে ঘরে উত্তম বাতাস চলাচল করে এমন স্থানে আলু সংরক্ষণ করতে হবে।,টিউবার গাছের গোড়ায় সারি থেকে সারির দূরত্বে বেশি সময় প্রয়োজন হয় এবং টিউবারের গাছের অক্ষ থেকে অক্ষের দূরত্বে বেশি সময় প্রয়োজন হয়।,False,0.0,0.3883495145631068,0.04878048780487805,0.04878048780487805,0.0,0.04878048780487805,0.6696471,0.64765763,0.65846884
944,বারি মুখীকচু-৩ গাছে মুখীর সংখ্যা ও গড় ওজন কত?,গাছ প্রতি মুখীর সংখ্যা ২৫-৩০ টি এবং গড় ওজন প্রায় ৮০০ গ্রাম।,"গাছের গড় উচ্চতা ২৫-৩৫ সে.মি. এবং মুখীর সংখ্যা ৩০০টি, গাছের অক্ষ পরিচ্ছন্ন এবং গাছের দৈর্ঘ্য ২৫ সে.মি.।",False,0.0,0.582089552238806,0.30303030303030304,0.30303030303030304,0.06451612903225808,0.18181818181818185,0.7259043,0.81812567,0.76926094
945,বারি পাটের আঁশ ছাড়ানো যন্ত্র চাষের অর্থনৈতিক ফলাফল সম্পর্কে কী বলা হয়েছে?,"মূল্য: ৯০,০০০.০০ টাকা (ইঞ্জিন ছাড়া)।",প্রতি কেজি আঁশের মূল্য প্রায় ১৪.০০ বার বার সার � উপযোগী হয় এবং প্রতি লিটার গোবরের মুদ্রা ১৬.০০ টাকা এবং প্রতি কিলো লিটার ইউরিয়ার মুদ্রা ১.৫০ টাকা।,False,0.0,0.5652173913043478,0.16666666666666663,0.16666666666666663,0.058823529411764705,0.16666666666666663,0.6733317,0.7376734,0.7040356
946,কাঁঠাল বীজতলায় বপনের পর কতদিনে চারা গজায়?,ভাল পাকা কাঁঠাল থেকে পুষ্ট বড় বীজ বের করে ছাই মাখিয়ে ২/৩ দিন ছায়ায় শুকিয়ে বীজতলায় বপন করলে ২০-২৫ দিনে চারা গজাবে।,বীজতলায় লাগানোর ২০-২৫ দিনের মধ্যে বপনের পর চারা গজায়।,False,0.0,0.5205479452054794,0.23529411764705882,0.23529411764705882,0.0625,0.23529411764705882,0.8250636,0.7540495,0.78795975
947,চীনাবাদামের ফলন কত?,হেক্টরপ্রতি ফলন ২০০০-২৮০০ কেজি।,বীজ বপনের পর গড়ে প্রায় ৩-৪ টি কিস্তিতে বীজ প্রয়োগ করলে ৭-৯ কিস্তি লাগানোর উপযোগী হয়।,False,0.0,0.23008849557522126,0.0,0.0,0.0,0.0,0.65022975,0.688177,0.66866535
948,বারি কফি-১ সম্পর্কে বাগানভেদে চারার সংখ্যা বিষয়ে কী বলা হয়েছে?,ফল বাগানের ভিতরে বা বাণিজ্যিকভাবে কফি উৎপাদনের ক্ষেত্রে চারা সংখ্যা কম বেশি হয়ে থাকে।,বাগানটিতে ৪-৫ চারা প্রয়োজন।,False,0.0,0.3214285714285714,0.10526315789473682,0.10526315789473682,0.0,0.10526315789473682,0.7092527,0.6660085,0.68695074
949,গম-পাট-রোপা আমন ফসল বিন্যাসের সেচ সম্পর্কে কী বলা হয়েছে?,বপনের ১৭-২১ দিন পরে প্রথম সেচ ও দ্বিতীয় সেচ শীষ বের হওয়ার সময় ৫০-৫৫ দিন পর দিতে হবে।,সেচ ব্যবস্থাপনা: চারা রোপণের ১৫ দিন পর একবার ও ৩০ দিনের মাথায় ২য় বার প্রয়োগ করতে হবে।,False,0.0,0.548780487804878,0.27027027027027023,0.27027027027027023,0.05714285714285714,0.2162162162162162,0.71364236,0.7476761,0.7302629
950,পালংশাকের কম্পোস্ট ব্যবস্থাপনা প্রযুক্তি কোথায় বা কোন ক্ষেত্রে উপযোগী?,"অঞ্চল: কৃষি পরিবেশ অঞ্চল-২৮, এলাকা: গাজীপুর, মৌসুম: রবি।",প্রযুক্তি ব্যবহারের তথ্য: প্রযুক্তি: কম্পোস্ট ব্যবস্থাপনা: জাত: বাংলাদেশ জাত: পালংশাক উপযোগী ক্ষেত্র: কৃষি পরিবারের সকল অঞ্চলে এটি চাষ উপযোগী।,False,0.0,0.36708860759493667,0.07142857142857142,0.07142857142857142,0.0,0.07142857142857142,0.6658547,0.7002758,0.6826316
951,সুপারি সম্পর্কে বীজতলার মাটিতে বালুর পরিমাণ প্রসঙ্গে উৎসে কী বলা হয়েছে?,বীজতলার মাটিতে বালুর পরিমাণ কম থাকলে কিছু ভিটি বালু মিশিয়ে নিলে ভাল হয়।,বীজতলার মাটিতে বালুর পরিমাণ প্রায় উপরি থাকে।,False,0.0,0.7605633802816902,0.4,0.4,0.3333333333333333,0.4,0.9073175,0.8192163,0.8610191
952,পানিকচুর লতি সংগ্রহের সময়সীমা কী?,চারা লাগানোর ২ মাস পর থেকে ৫ মাস পর্যন্ত লতি সংগ্রহ করা যায়।,লতি গাছের বয়স ৩০-৩৫ বছর ও সংগ্রহের উপযোগী সময় হেক্টর প্রতি ১০ টন ইউরিয়া এবং ৩০ দিন সময় গাছের বয়স ২০ হতে ২৩ দিন।,False,0.0,0.40540540540540543,0.052631578947368425,0.052631578947368425,0.0,0.052631578947368425,0.6512358,0.68163556,0.666089
953,চীনাবাদাম সম্পর্কে বপনের মৌসুম ও সময় বিষয়ে কী বলা হয়েছে?,মৌসুমে ফাল্গুন থেকে চৈত্র (মার্চ থেকে এপ্রিল) ও খরিফ-২ মৌসুম শ্রাবণ থেকে ভাদ্র (জুলাই থেকে আগস্ট) মাসে বীজ বপন করতে হয়।,"চীনাবাদাম গাছের বয়স: ২০-২৫ বছর (খাওয়ার উপযোগী), ফসলের সময়: মার্চ-মার্চ (বীজ হতে বীজ), আগস্ট-আগস্ট (বীজ হতে বীজ), সেপ্টেম্বর-সেপ্টেম্বর (গাছ খাওয়ার উপযোগী),",False,0.0,0.4712041884816754,0.1276595744680851,0.1276595744680851,0.0,0.1276595744680851,0.68559724,0.662065,0.6736257
954,সুপারির উপযুক্ত রোপণের সময় কোনটি?,সাধারণতঃ মে থেকে সেপ্টেম্বর মাস পর্যন্ত চারা রোপণ করা যায়।,সুপারি চাষ রোপণের সময় মে-জুন মাসের শুরু থেকে মাস পর্যন্ত এটি করা যায়।,False,0.0,0.671875,0.5,0.5,0.18181818181818185,0.5,0.8077119,0.853844,0.83013755
955,আলু কখন বা কীভাবে সংগ্রহ করতে হবে?,"শুষ্ক, উজ্জ্বল ও ভাল আবহাওয়াতে আলু উত্তোলন করতে হবে।",বীজ বপনের পর প্রয়োজনবোধে আলুর সাথে মিশিয়ে বীজ বপন করতে হবে।,False,0.0,0.4112149532710281,0.19999999999999998,0.19999999999999998,0.11111111111111112,0.19999999999999998,0.71405005,0.70081335,0.7073698
956,মসুর পাতা ঝলসানো রোগ চাষে কী পরিমাণ ফলন পাওয়া যায়?,এ প্রযুক্তি ব্যবহার করে কৃষক মাঠে উন্নত জাতের মসুর (বারি মসুর-৮) চাষ করলে হেক্টরপ্রতি ১৮০০-২০০০ কেজি ফলন পাওয়া সম্ভব।,হেক্টর প্রতি গড় ফলন ৩৫.৮২ টন যা অনুকূল পরিবেশে বাংলাদেশের আবহাওয়ায় সর্বোচ্চ ৪০ টন পর্যন্ত হয়।,False,0.0,0.4433497536945813,0.05263157894736842,0.05263157894736842,0.0,0.05263157894736842,0.6934349,0.6625734,0.67765296
957,কফি সম্পর্কে সাধারনত উচ্চতার মাস বিষয়ে কী বলা হয়েছে?,সাধারনত ৩০-৪০ সে.মি. উচ্চতার ৬-৭ মাস বয়সের চারা রোপণ করা উত্তম।,সাধারনত বীজ বপনের ৩০-৪০ দিনের মধ্যে থেকে ফল হারাতে সহজে পাতা হয় এবং অঙ্কুরোদগম পরিবর্তনশীল ফল হोता বিশিষ্ট কফি পাতা মাস ফুল হারানোর উপযুক্ত সময়।,False,0.0,0.43037974683544306,0.2,0.2,0.052631578947368425,0.2,0.69027,0.72954,0.70936185
958,বারি সুপারি-২ জাতের একটি খোসাসহ শুকনা সুপারির ওজন কত?,খোসা সহ একক শুকনা সুপারির গড় ওজন ১৪.০৭ গ্রাম।,খোসা সহ শুকনা সুপারির গড় ওজন ৪৪.৬৯ গ্রাম।,False,0.0,0.9210526315789473,0.7368421052631577,0.7368421052631577,0.47058823529411764,0.7368421052631577,0.97839916,0.96079975,0.96951956
959,"বারি সোলার টানেল ড্রায়ার দৈর্ঘ্য, প্রস্থ বা উচ্চতার মাপ কী?","লম্বা ৩২০০ মিমি, চওড়া ১২০০মিমি, উচ্চতা ৭২০ মিমি।",ড্রায়ার দৈর্ঘ্য ৮০ সে.মি. এবং প্রস্থ ৬৭ সে.মি.।,False,0.0,0.3,0.0,0.0,0.0,0.0,0.72589624,0.7568242,0.74103767
960,বারি কফি-১ চাষে কী পরিমাণ ফলন পাওয়া যায়?,কফির জাত বারি কফি-১ উচ্চ ফলনশীল (গাছ প্রতি গড় ফলন ৭.৯৪ কেজি) ও নিয়মিত ফলদানকারী।,তিন বছর বয়সী প্রতি গাছের ফলন ৯-১১ কেজি।,False,0.0,0.5283018867924528,0.23076923076923078,0.23076923076923078,0.0,0.23076923076923078,0.7851032,0.71472245,0.74826145
961,বারি চিনা-২-এর গাছ কতটা লম্বা হয়?,গাছের উচ্চতা ৮২-৮৪ সে.মি.।,গাছের উচ্চতা ১০-১২ মিটার।,False,0.0,0.7083333333333333,0.3636363636363636,0.3636363636363636,0.22222222222222224,0.3636363636363636,0.9136321,0.8303499,0.87000245
962,চুইঝাল সম্পর্কে পলিব্যাগ উৎপাদিত চারা পরবর্তীতে প্রসঙ্গে উৎসে কী বলা হয়েছে?,পলিব্যাগ উৎপাদিত চারা পরবর্তীতে মূল জমিতে রোপণ করা হয়।,চুইঝালের বীজ হলুদ বর্ণের এবং পলিব্যাগ কাটার পর চারা পরবর্তীতে বীজ উত্তোলন করা হয়।,False,0.0,0.7294117647058823,0.43478260869565216,0.43478260869565216,0.1904761904761905,0.43478260869565216,0.73289955,0.7894097,0.7601057
963,বারি পানিকচু-৮-এর লতির সংখ্যা ও গড় ওজন সম্পর্কে কী তথ্য আছে?,"প্রতিটি লতির গড় ওজন ৭০ গ্রাম, দৈর্ঘ্য প্রায় ৫০ সেমি এবং ব্যাস ২ সেমি।","প্রতিটি লতির গড় ওজন ৩৭ গ্রাম, দৈর্ঘ্য ৬৪ সে.মি. এবং ব্যাস প্রায় ১.০ সে.মি.।",False,0.0,0.8869565217391304,0.5806451612903226,0.5806451612903226,0.3448275862068966,0.5161290322580646,0.8782788,0.9327577,0.9046988
964,চিনার আগাছা দমন সম্পর্কে কী নির্দেশনা আছে?,ক্ষেতে আগাছা জন্মালে তা নিড়ানী দিয়ে তুলে ফেলা দরকার।,চিনার জাতের মাটিতে আগাছা দমনের জন্য বেশি প্রয়োজন হয়।,False,0.0,0.45283018867924524,0.1111111111111111,0.1111111111111111,0.0,0.1111111111111111,0.73940706,0.72456396,0.7319103
965,সুপারি চাষের জন্য উপযুক্ত মাটির পিএইচ কত?,মাটির পিএইচ মান ৫.৫-৬.০ এর মধ্যে হলে সবচেয়ে ভাল হয়।,"পিএইচ ৬.০-৬.৫ এ সুপারি একটি উপযুক্ত ফসল, কিন্তু অধিক ধান ও পলিযুক্ত ফসল জাত হলে অন্য ফসলের মত এটি কাটার উপযোগী নয়।",False,0.0,0.4615384615384615,0.2631578947368421,0.2631578947368421,0.05555555555555555,0.2105263157894737,0.6938116,0.7777979,0.73340815
966,গম-পাট-রোপা আমন ফসল বিন্যাস বিষয়ে রোপা আমন জমি আগাছামুক্ত রাখার সময় সম্পর্কে কী তথ্য আছে?,রোপা আমন: আমন ধানের জমি ৩০ থেকে ৪০ দিন পর্যন্ত আগাছামুক্ত রাখতে হবে।,রোপা আমন জমি চারা রোপণের ১৫ দিন পর একবার ও ৩০ দিন পর দ্বিতীয়বার নিড়ানি দিতে হবে এমন আগাছা দমনের জন্য সম্পূর্ণ আগাছামুক্ত রাখতে হবে।,False,0.0,0.7843137254901962,0.4210526315789474,0.4210526315789474,0.16666666666666666,0.4210526315789474,0.7640618,0.8177122,0.7899772
967,চিনার ফসল সংগ্রহের নির্দেশনা কী?,জাতটি ৯৬-১০৫ দিনে ফসল সংগ্রহ উপযোগী হয়।,বীজ রোপণের ১২-১৫ দিন পর চিনা উপকৃত হয়।,False,0.0,0.4675324675324676,0.11764705882352941,0.11764705882352941,0.0,0.11764705882352941,0.73371077,0.7301047,0.73190325
968,চিয়ার উপযুক্ত বপনের সময় কোনটি?,নভেম্বর মাসের ২য় থেকে ৩য় সপ্তাহ বীজ বপনের উপযুক্ত সময়।,চিয়ার এমন একটি ফসল যা রবি ও খরিফ-১ উভয় মৌসুমে চাষ করা যায়।,False,0.0,0.3620689655172413,0.0,0.0,0.0,0.0,0.6573952,0.65366066,0.6555226
969,পানিকচু চাষে কতদিন বা কত মাস পর্যন্ত আগাছা নিয়ন্ত্রণে রাখতে হবে?,চারা লাগানোর পর থেকে ৩ মাস পর্যন্ত জমিতে আগাছা জন্মাতে পারে।,আগাছা পরিষ্কার করার ২০-২৫ দিনের মধ্যে আগাছা দমনের ব্যবস্থা করতে হবে।,False,0.0,0.43333333333333335,0.08695652173913043,0.08695652173913043,0.0,0.08695652173913043,0.7474719,0.7501881,0.7488276
970,পালংশাকের কম্পোস্ট ব্যবস্থাপনার প্রযুক্তির উপযোগিতা সম্পর্কে কী বলা হয়েছে?,"অঞ্চল: কৃষি পরিবেশ অঞ্চল-২৮, এলাকা: গাজীপুর, মৌসুম: রবি।",প্রযুক্তি: কোপার্বত ও ব্রহ্মপুত্র জমি এমন দুই জমি যেখানে পানি নিষ্কাশনের সুবিধা আছে সে জমি সবচেয়ে ভালো হয়ে থাকে।,False,0.0,0.2837837837837837,0.0,0.0,0.0,0.0,0.6256404,0.6621994,0.64340097
971,বেগুনের সাথে পেঁয়াজ ও রসুন আন্তঃফসল প্রযুক্তি কোথায় বা কোন ক্ষেত্রে উপযোগী?,"প্রযুক্তিটি কুষ্টিয়া, ফরিদপুর, যশোর, পাবনা, জামালপুর, বগুড়া এবং রংপুর জেলায় প্রয়োগ করা যেতে পারে।",বেগুনের সারি থেকে সারির দূরত্ব বেশি হওয়ায় এর মাঝে অতি সহজেই পেঁয়াজ এবং রসুন জমিতে প্রয়োগ করা যায়।,False,0.0,0.4489795918367347,0.1875,0.1875,0.06666666666666667,0.1875,0.6913576,0.69030726,0.690832
972,বারি কফি-১ বিষয়ে বাগানভেদে চারার সংখ্যা সম্পর্কে কী তথ্য আছে?,ফল বাগানের ভিতরে বা বাণিজ্যিকভাবে কফি উৎপাদনের ক্ষেত্রে চারা সংখ্যা কম বেশি হয়ে থাকে।,বাগানটিতে চারা রোপণের জন্য ৪-৫টি বীজ বপন করতে হবে।,False,0.0,0.44776119402985076,0.08333333333333333,0.08333333333333333,0.0,0.08333333333333333,0.7260919,0.71236706,0.7191641
973,ছাদ বাগানের স্মার্ট সেচ সম্পর্কে খুব সহজেই সেচ বিষয়ে কী বলা হয়েছে?,খুব সহজেই সেচ সিডিউল এবং সেচের পানির পরিমাণ ডিজিটাল পদ্ধতিতে বা স্মার্ট মাধ্যমে নিয়ন্ত্রণ করা যায়।,সেচ ব্যবস্থাপনা পদ্ধতিটি খুব সহজ এবং কার্যকর হতে পারে ফলে মুক্ত স্মার্ট বীজ বপনের সময় খুব সহজে সেচ করা যায়।,False,0.0,0.6130653266331658,0.33333333333333326,0.33333333333333326,0.058823529411764705,0.2777777777777778,0.753212,0.74298805,0.748065
974,কাঁঠালের সার প্রয়োগ সম্পর্কে কী বলা হয়েছে?,চারা রোপণের পর গাছের সুষ্ঠু বৃদ্ধির জন্য গাছের বয়স ও চাহিদা মাফিক নিয়মিত সার প্রয়োগ করা আবশ্যক।,বীজ গজানোর পর প্রয়োজনবোধে আলাদা জমিতে সার প্রয়োগ করতে হবে।,False,0.0,0.48,0.22222222222222224,0.22222222222222224,0.08,0.22222222222222224,0.77723545,0.7301929,0.7529801
975,টমেটোর সমন্বিত আগাছা ব্যবস্থাপনা চাষের জন্য উপযুক্ত মাটির পিএইচ কত?,মাটির পিএইচ ৬-৭ হলে ভালো হয়।,পিএইচ ৬.০-৬.৫ এ চাষ উপযোগী।,False,0.0,0.4615384615384615,0.26666666666666666,0.26666666666666666,0.15384615384615383,0.26666666666666666,0.7735682,0.8010271,0.78705823
976,চিনার আগাছা ব্যবস্থাপনায় কী করতে বলা হয়েছে?,ক্ষেতে আগাছা জন্মালে তা নিড়ানী দিয়ে তুলে ফেলা দরকার।,চিনার জাতটি স্বল্পমাত্রায় আগাছামুক্ত হয়।,False,0.0,0.44680851063829785,0.0,0.0,0.0,0.0,0.7390273,0.6942249,0.7159259
977,সুপারি: বীজতলা উত্তর দক্ষিণে লম্বা প্রসঙ্গে কী তথ্য আছে?,বীজতলা উত্তর দক্ষিণে লম্বা হলে ভালো হয়।,বীজতলা উত্তর দক্ষিণে লম্বা প্রসঙ্গে সুপারি চাষ করা যায়।,False,0.0,0.8,0.5,0.5,0.42857142857142855,0.5,0.7967197,0.88443005,0.8382868
978,আলুর ফসল সংগ্রহের নির্দেশনা কী?,"শুষ্ক, উজ্জ্বল ও ভাল আবহাওয়াতে আলু উত্তোলন করতে হবে।",বীজ বপনের ৩০-৪০ দিন পর উভয় পদ্ধতিতে আলু সংগ্রহ করা যায়।,False,0.0,0.3551401869158879,0.09523809523809525,0.09523809523809525,0.0,0.09523809523809525,0.71289396,0.70586914,0.7093641
979,বারি কফি-১ বিষয়ে পাকা অবস্থায় লাল সম্পর্কে কী তথ্য আছে?,পাকা অবস্থায় ফল লাল বর্ণ ধারণ করে।,পাকা অবস্থায় লাল বর্ণের হলুদ বর্ণের সমান যা সাধারণতঃ কফি জাতের সাথে মেশিন-আইড মাটি যুক্ত করা হয়ে থাকে।,False,0.0,0.6666666666666665,0.23076923076923078,0.23076923076923078,0.08333333333333333,0.23076923076923078,0.722849,0.8311863,0.7732414
980,অড়হর সার প্রয়োগ সম্পর্কে কী বলা হয়েছে?,সার ব্যবস্থাপনা: অড়হর ফসলে তেমন একটা সারের প্রয়োজন হয় না।,অড়হর সার রোপণের ১.৫-২ মাস সময়ে চারা রোপণ করতে হবে।,False,0.0,0.4954128440366973,0.1818181818181818,0.1818181818181818,0.0,0.0909090909090909,0.7085163,0.71305835,0.7107801
981,চিয়ার সারের মাত্রা সম্পর্কে কী তথ্য আছে?,"সার ব্যবস্থাপনা: ইউরিয়া: ১৫০ কেজি/হেক্টর, মিউরেট অব পটাশ: ৬০ কেজি/হেক্টর, টিএসপি: ৮০ কেজি/হেক্টর।",সাধারণত একক কেজি প্রতি গাছে ৭০-৮০ কেজি এবং ২ সারি প্রতি ৯০ কেজি খাওয়া যায়।,False,0.0,0.4920634920634921,0.25,0.25,0.06666666666666667,0.1875,0.7175916,0.66487646,0.690229
982,বারি মেটে আলু-৪-এর শুষ্ক পদার্থের পরিমাণ কত?,শুষ্ক পদার্থের পরিমাণ ২৯.৯৪ ± ১।,শুষ্ক পদার্থের পরিমাণ ২৮.৫৬ ± ১।,False,0.0,0.896551724137931,0.6666666666666666,0.6666666666666666,0.4000000000000001,0.6666666666666666,0.98938227,0.98938227,0.98938227
983,চীনাবাদাম বিষয়ে বপনের মৌসুম ও সময় সম্পর্কে কী তথ্য আছে?,মৌসুমে ফাল্গুন থেকে চৈত্র (মার্চ থেকে এপ্রিল) ও খরিফ-২ মৌসুম শ্রাবণ থেকে ভাদ্র (জুলাই থেকে আগস্ট) মাসে বীজ বপন করতে হয়।,বীজ বপনের জন্য মধ্য বৈশাখ মাস ও কৃষি শুকরা মৌসুমে চীনাবাদাম বীজ বপন করতে হয়।,False,0.0,0.5348837209302326,0.3243243243243243,0.3243243243243243,0.17142857142857143,0.27027027027027023,0.78621614,0.7343049,0.7593744
984,কফি বিষয়ে সাধারনত উচ্চতার মাস সম্পর্কে কী তথ্য আছে?,সাধারনত ৩০-৪০ সে.মি. উচ্চতার ৬-৭ মাস বয়সের চারা রোপণ করা উত্তম।,কফি একটি যুক্ত জমিতে চারা সাধারণত ফেব্রুয়ার মাস থেকে মে মাস পর্যন্ত সম্পন্ন।,False,0.0,0.4776119402985075,0.14814814814814817,0.14814814814814817,0.0,0.07407407407407408,0.6736656,0.6452784,0.6591665
985,সয়াবিন-রোপা আউশ-রোপা আমন ফসল বিন্যাস চাষে কী পরিমাণ ফলন পাওয়া যায়?,তিন ফসল ভিত্তিক উন্নত এ ফসল বিন্যাসে আউশ মৌসুমে ব্রি ধান৪৮ অন্তর্ভুক্ত করায় ধানের সমতুল্য ফলন ১২.৬৫ টন/হেক্টর/বছর পাওয়া গেছে যা প্রচলিত ফসল বিন্যাসের চেয়ে ৫৬% বেশি।,সয়াবিন: হেক্টর প্রতি গড় ফলন ১২.৫৭ টন।,False,0.0,0.6037735849056604,0.2105263157894737,0.2105263157894737,0.05555555555555555,0.15789473684210528,0.78721476,0.65807784,0.7168771
986,লটকন চাষে গাছের গোড়া থেকে কত দূরে সার প্রয়োগ করতে হবে?,চারার বৃদ্ধি পর্যায়ে সার এবং গোবর গাছের গোড়া থেকে ১.০-১.৫ মিটার দূরে প্রয়োগ করতে হবে এবং মাটির সাথে মিশিয়ে দিতে হবে।,গাছের গোড়া থেকে ৩০ সে.মি. দূরে সার প্রয়োগ করতে হবে।,False,0.0,0.903225806451613,0.4571428571428572,0.4571428571428572,0.24242424242424243,0.4,0.85935163,0.78207946,0.81889665
987,সুপারির মাটির পিএইচ সম্পর্কে কী বলা হয়েছে?,মাটির পিএইচ মান ৫.৫-৬.০ এর মধ্যে হলে সবচেয়ে ভাল হয়।,পিএইচ মাত্রা ৬.৫-৭.০ এবং ভাল-নিষ্কাশিত উর্বর বেলে-দোআঁশ বা পলিযুক্ত দোআঁশ মাটি ফসলটির জন্য সবচেয়ে উপযুক্ত।,False,0.0,0.6301369863013698,0.3636363636363637,0.3636363636363637,0.0,0.24242424242424246,0.70511293,0.8388786,0.76620126
988,মসুর পাতা ঝলসানো রোগের ফলন কত?,এ প্রযুক্তি ব্যবহার করে কৃষক মাঠে উন্নত জাতের মসুর (বারি মসুর-৮) চাষ করলে হেক্টরপ্রতি ১৮০০-২০০০ কেজি ফলন পাওয়া সম্ভব।,হেক্টরপ্রতি ফলন ১৮-২৩ টন।,False,0.0,0.7692307692307692,0.15384615384615385,0.15384615384615385,0.0,0.15384615384615385,0.8307606,0.6681123,0.7406117
989,টমেটোর সমন্বিত আগাছা ব্যবস্থাপনার মাটির পিএইচ সম্পর্কে কী বলা হয়েছে?,মাটির পিএইচ ৬-৭ হলে ভালো হয়।,মাটির পিএইচ মাত্রা ৬.৫-৭.০ এবং বেশ কিছু ফসল আগাছা দমনে পিএইচ মাটি সর্বোত্তম।,False,0.0,0.6976744186046511,0.34782608695652173,0.34782608695652173,0.09523809523809522,0.34782608695652173,0.7295526,0.8272764,0.7753474
990,কাঁঠালের বীজ থেকে চারা গজাতে কতদিন লাগে?,ভাল পাকা কাঁঠাল থেকে পুষ্ট বড় বীজ বের করে ছাই মাখিয়ে ২/৩ দিন ছায়ায় শুকিয়ে বীজতলায় বপন করলে ২০-২৫ দিনে চারা গজাবে।,বীজ গজানোর ২০-২৫ দিনের মধ্যে চারা তৈরি করা যায়।,False,0.0,0.4590163934426229,0.23529411764705882,0.23529411764705882,0.0625,0.23529411764705882,0.81871915,0.7384748,0.77652943
991,চীনাবাদাম বিষয়ে বেলে দো-আঁশ মাটির সুবিধা সম্পর্কে কী তথ্য আছে?,বেলে দো-আঁশ মাটিতে সহজে শিকড় ও পেগ মাটিতে প্রবেশ করতে পারে বিধায় চীনাবাদাম অধিক ফলন দেয়।,বেলে দো-আঁশ মাটিতে চীনাবাদামের ছোট ভালো হয়।,False,0.0,0.5901639344262295,0.31999999999999995,0.31999999999999995,0.26086956521739124,0.31999999999999995,0.8643135,0.7684672,0.8135772
992,চীনাবাদাম চাষ বা সংগ্রহের জন্য কেমন আবহাওয়া উপযোগী?,শুষ্ক আবহাওয়া পরিপক্কতা ও কর্তনের জন্য দরকার হয় তবে বিশেষ করে ফুল ও পেগ গঠনের সময় জমিতে রসের অভাব হলে ফলন অনেকটা কম হয়।,চীনাবাদাম গাছের ফুল সাদা বাদামী রং ধারণ করে।,False,0.0,0.3144654088050315,0.125,0.125,0.0,0.0625,0.66043025,0.6298421,0.6447736
993,ঝাড়শিম কীভাবে রোপণ করতে হবে?,সরাসরি জমিতে লাইন করে বীজ বুনতে হয়।,বীজ বপনের আগে এরাবিকার ব্যবস্থা রাখতে হবে।,False,0.0,0.4736842105263158,0.14285714285714285,0.14285714285714285,0.0,0.14285714285714285,0.7579633,0.7487226,0.7533146
994,চুইঝাল বিষয়ে গাছের গোড়া সম্পর্কে কী তথ্য আছে?,সার দেয়ার সময় গাছের গোড়ায় মাটি হালকা করে কুপিয়ে দিতে হয় এবং সেচ প্রদান করতে হবে।,"গাছের গোড়া সবুজ, গাঢ় বর্ণের হয়।",False,0.0,0.4390243902439025,0.18181818181818182,0.18181818181818182,0.0,0.18181818181818182,0.7224663,0.69577533,0.70886964
995,চুইঝালের বংশবিস্তার সম্পর্কে কী তথ্য আছে?,চুইঝালের বংশবিস্তার বীজ ও লতার/শাখার মাধ্যমে হয়ে থাকে।,বংশবিস্তার: সাধারণত লতি বা খাড়া প্রকারে চুইঝালের বংশবিস্তার ঘটে।,False,0.0,0.6226415094339622,0.2222222222222222,0.2222222222222222,0.125,0.2222222222222222,0.7943979,0.79310584,0.79375136
996,বারি আলু-১০১ কতদিনে পরিপক্ব হয়?,৯০-৯৫ দিনে আলু পরিপক্কতা লাভ করে।,আলুর পরিপক্ক হতে ৮০-৮৫ দিন সময় লাগে।,False,0.0,0.6764705882352942,0.0,0.0,0.0,0.0,0.8112278,0.82478565,0.8179505
997,আলুর শাঁস ও চোখ সম্পর্কে কী তথ্য আছে?,"শাঁসের রং ক্রিম, চোখ অগভীর আলুতে সমভাবে বিন্যস্ত।",শাঁস: আলুর শাঁস সহ শেষ পর্যাতে কাটার উপযোগী।,False,0.0,0.42857142857142855,0.0,0.0,0.0,0.0,0.6905999,0.6649962,0.67755634
998,চর এলাকায় বিনা চাষে পেঁয়াজের আগাছা ব্যবস্থাপনায় কী করতে বলা হয়েছে?,এ পদ্ধতিতে ভেজা বা আর্দ্র মাটিতে লোহার তৈরি নিড়ানী দিয়ে আচড়া দেওয়া হয়।,চর এলাকায় পেঁয়াজ বীজ বপনের জন্য বিনা চাষের মামলা হয়।,False,0.0,0.453125,0.08695652173913043,0.08695652173913043,0.0,0.08695652173913043,0.6966958,0.7114077,0.7039749
999,মাঠের ইঁদুর ব্যবস্থাপনা সম্পর্কে মারাত্মক আক্রমণে পাতা বিষয়ে কী বলা হয়েছে?,মারাত্মক আক্রমণে পাতা শুকিয়ে মারা যায়।,মারাত্মক আক্রমণে পাতা বালাই প্রয়োজন।,False,0.0,0.736842105263158,0.5454545454545454,0.5454545454545454,0.4444444444444445,0.5454545454545454,0.85605115,0.87285936,0.86437356
1000,কাসাভা বিষয়ে কন্দ সংগ্রহের সময় সম্পর্কে কী তথ্য আছে?,চারা রোপণের ৭ মাস পর থেকে কাসাভা গাছ থেকে কন্দ সংগ্রহ করা যায়।,কন্দ গাছ সম্পূর্ণ প্রক্রিয়াজাতকরণের পর প্রয়োজনবোধে আলাদা মাটি ও জলাবদ্ধতা সহ্য করতে হবে।,False,0.0,0.452054794520548,0.23076923076923078,0.23076923076923078,0.0,0.07692307692307693,0.70221704,0.7500836,0.72536147
